,number_of_stars,number_of_planets,number_of_moons,circumbinary,orbital_period_in_days,orbital_semimajor_axis_in_AU,radius_in_Earth_radii,mass_in_Earth_masses,density_in_grams_per_cubic_centimeter,orbital_eccentricity,insolation_flux_in_Earth_flux,equilibrium_temperature,spectral_type,stellar_mass_in_Sun_masses,stellar_luminosity,stellar_surface_gravity,type,short_description,description,url,subtitle
30,2,5,0,0,0.7365474,0.01544,1.875,7.99,6.66,0.05,,,,0.91,,4.43,,,,,
45,1,2,0,0,8.4629991,0.0645,,20.12,1.32,0.186,,,,0.5,,,,,,,
46,1,2,0,0,18.858991,0.1101,,9.6,1.22,,,,,0.5,,,,,,,
79,1,1,0,0,1.5089557,,16.7,327.35,0.38,0.0,,1898.0,G0 V,0.95,,4.25,,,,,
80,1,1,0,0,13.2406,0.1055,10.87,874.0,3.7,0.53,,600.0,K1 V,0.89,,4.65,,,,,
81,1,1,0,0,2.99433,0.0436,16.03,740.51,0.99,0.0,,1657.0,F6 V,1.27,,4.22,,,,,
82,1,1,0,0,2.828042,0.04016,16.14,291.438,0.411,0.07,,1442.0,,1.08,,4.38,,,,,
83,1,1,0,0,4.03519,0.051,9.92,415.704,2.34,0.0,,1700.0,G0 V,1.09,,4.46,,,,,
84,1,1,0,0,1.51214,0.027,12.22,2415.4,7.3,0.0,,1952.0,F9 V,1.13,,4.35,,,,,
85,1,1,0,0,5.35227,0.0618,13.11,170.032,0.44,0.33,,,G5 V,1.1,,4.36,,,,,
86,1,1,0,0,3.7681,0.0461,11.43,772.29,2.82,0.0,,1626.0,G2 V,1.04,,4.4,,,,,
87,1,1,0,0,1.9000693,0.0295,14.68,1102.82,2.2,0.08,,1550.0,G9 V,0.95,,4.4,,,,,
88,1,1,0,0,3.89713,0.0518,14.46,352.78,0.71,0.047,,2000.0,F9 V,1.21,0.544,4.07,,,,,
89,2,1,0,0,1.7429935,0.02798,16.432,1102.82,1.47,0.0143,,,,0.96,,,,,,,
92,1,1,0,0,2.72474,0.0417,14.572,718.2958,1.36,0.0,,,F8 IV,1.29,,3.7,,,,,
93,1,1,0,0,9.75598,0.092,4.88,12.2,0.249,0.077,,885.0,G3 V,1.1,,4.36,,,,,
94,1,1,0,0,3.6313,0.048,11.77,889.9,3.0,0.16,,1660.0,G0 V,1.14,,4.3,,,,,
95,1,2,0,0,5.1134,0.056,3.7,5.7,0.9,0.0,,1070.0,K1 V,0.91,,4.55,,,,,
96,1,2,0,0,11.759,0.098,5.0,28.0,1.3,0.0,,850.0,K1 V,0.91,,4.55,,,,,
97,1,1,0,0,4.86069,0.0578,12.11,85.81,0.15,0.0,,1330.0,F9,1.09,,4.31,,,,,
98,1,1,0,0,4.20474,0.0526,14.12,165.26,0.28,0.0,,1600.0,G5,1.09,,3.99,,,,,
99,1,1,0,0,3.57532,0.0476,11.287,3302.11,12.6,0.065,,1500.0,G2,1.05,,4.4,,,,,
100,1,1,0,0,5.20851,0.0603,10.705,153.82972,0.69,0.047,,,G8/9 IV,1.01,,3.6,,,,,
101,1,1,0,0,2.85057,0.0386,10.088,270.1555,1.45,0.082,,,K0 V,0.97,,4.3,,,,,
102,1,1,0,0,4.2568,,11.32,6883.91,26.4,0.0,,,F3 V,1.37,,4.22,,,,,
103,1,1,0,0,9.06005,0.0844,11.31,921.707,3.45,0.007,,,G3 V,0.98,,4.4,,,,,
104,1,1,0,0,4.62941,0.0586,16.365,266.9772,0.33,0.02,,,G2 IV,1.25,,3.85,,,,,
105,1,1,0,0,3.22748,0.0429,18.831,349.61125,0.29,0.0,,1747.0,F6 V,1.01,,4.01,,,,,
106,1,1,0,0,5.616531,0.066,15.805,216.12332,0.25,0.0,,1567.0,F3 V,1.32,,4.16,,,,,
107,1,1,0,0,9.20205,0.09,13.34,228.83,0.525,0.0,,1074.0,,1.16,,4.41,,,,,
108,1,1,0,0,4.0378962,0.04947,15.558,148.42,0.217,0.09,,1438.0,F9 V,1.0,,4.19,,,,,
109,1,1,0,0,8.886593,0.0855,13.068,940.74,2.32,0.1,,1017.0,F9 V,1.05,,4.43,,,,,
113,1,1,0,0,6.21229,0.063,6.39,69.92,1.6,0.0,,,K1 V,0.88,,4.58,,,,,
114,2,1,0,0,95.272656,0.4021,11.949,266.9772,0.86,0.133,,420.0,,0.96,,4.54,,,,,
115,1,1,0,0,6.71837,0.071,6.389,47.6745,1.1,,132.26,938.0,G0 VI,1.08,-0.155,4.67,,,,,
164,2,1,0,0,6.180235,0.07229,11.781,953.49,3.1,,642.0,1401.0,F5 V,1.32,0.526,4.16,,,,,
166,1,3,0,0,3.5951,0.047,1.95,8.75,6.39,0.06,1037.0,1616.0,G8 IV/V,1.05,,3.99,,,,,
167,1,3,0,0,15.624,0.13,3.67,14.67,1.62,0.07,160.0,990.0,G8 IV/V,1.05,,3.99,,,,,
168,1,3,0,0,35.747,0.22,3.94,10.18,0.91,0.15,53.0,752.0,G8 IV/V,1.05,,3.99,,,,,
176,1,2,0,0,1.628931,0.0153,1.13,1.66,6.3,0.22,,529.0,,0.18,-2.359,,,,,,
180,1,1,0,0,1.58040433,0.0149,2.742,8.17,2.2,0.063,21.0,596.0,M4 V,0.18,-2.337,5.03,,,,,
183,1,2,0,0,35.61253,0.1915,2.61,22.7,7.0,0.188,,422.0,K4.5,0.73,-0.686,4.61,,,,,
205,1,1,0,0,2.853136,0.03165,2.13,3.34,1.89,0.32,,693.0,M2 V,0.52,-1.342,4.73,,,,,
221,1,1,0,0,3.3366496,0.0355,4.57,13.9,0.8,,,594.0,,0.54,,4.7,,,,,
222,2,2,0,0,1.1980035,0.01589,1.264,1.86,5.03,0.0,59.4,773.0,,0.36,-1.824,4.81,,,,,
226,1,3,0,0,3.93072,0.035,1.217,1.84,5.6,,12.6,525.0,M2.5 V,0.34,-1.798,4.94,,,,,
230,1,1,0,0,0.321962,0.0071,0.718,0.546,8.106,0.0,,1745.0,M1.0 V,0.45,-1.541,4.78,Terrestrial,GJ 367 b is a terrestrial exoplanet that orbits an M-type star. Its mass is 0.546 EarthsCOMMA it takes 0.3 days to complete one orbit of its starCOMMA and is 0.0071 AU from its star. Its discovery was announced in 2021.,GJ 367 b is a terrestrial exoplanet that orbits an M-type star. Its mass is 0.546 EarthsCOMMA it takes 0.3 days to complete one orbit of its starCOMMA and is 0.0071 AU from its star. Its discovery was announced in 2021.,/exoplanet-catalog/8049/gj-367-b/,A rocky world outside our solar system
232,1,2,0,0,2.616235,0.0252,1.09,1.75,7.3,0.0,17.3,568.0,,0.31,-1.963,4.89,,,,,
246,1,1,0,0,2.64388312,0.0291,4.17,22.1,1.8,0.13827,,,,0.47,,4.79,,,,,
248,1,1,0,0,1.467119,0.01734,1.305,2.82,7.0,0.05,40.3,701.0,M3.5 V,0.32,-1.917,,,,,,
290,1,3,0,0,1.2089819,0.0188,1.577,4.91,6.93,0.0,,,,0.61,,4.66,,,,,
291,1,3,0,0,3.6480957,0.03925,1.241,0.84,2.42,0.0,,,,0.61,,4.66,,,,,
292,1,3,0,0,6.2014698,0.05591,2.022,4.04,2.69,0.0,,,,0.61,,4.66,,,,,
293,1,1,0,0,1.744579,0.0338,16.477,6261.21962,8.22242,0.0,4650.0,2300.0,F2,1.68,0.727,4.27,,,,,
302,2,1,0,0,4.46529976,0.05561,14.785,166.86075,0.282,,,1322.0,,1.15,,4.36,,,,,
305,1,1,0,0,3.2130598,0.0384,10.749,67.059,0.3192,0.0,,963.0,K4,0.73,-0.678,4.61,,,,,
310,3,1,0,0,2.77596,0.0413,14.448,1332.605,2.42,0.036,,1626.0,F8,1.22,0.294,4.34,,,,,
313,1,1,0,0,5.508023,0.0559,11.153,62.61,0.25,0.084,,852.0,K2,0.77,-0.569,4.57,,,,,
314,1,1,0,0,4.008778,0.0466,12.689,92.802,0.25,0.067,,1010.0,K1,0.84,-0.432,4.54,,,,,
316,1,1,0,0,2.875317,0.0361,9.718,2302.899,13.78,0.015,,970.0,K3,0.76,-0.721,4.63,,,,,
321,1,1,0,0,3.65281514,0.0466,12.722,180.84527,0.483,0.023,325.0,1182.0,,1.01,-0.152,4.52,,,,,
324,1,1,0,0,3.257215,0.0434,13.585,198.953,0.44,0.051,,1384.0,G3,1.02,0.053,4.36,,,,,
329,2,1,0,0,2.1500082,0.03397,22.194,216.1244,0.108,0.159,1841.0,1836.0,,1.13,0.338,4.22,,,,,
331,1,1,0,0,5.452654,0.06774,13.417,1058.3739,2.5,0.432,,,,1.39,,,,,,,
332,3,1,0,0,3.646706,0.04978,14.93,335.62848,0.55,0.02,,,,1.24,,,,,,,
333,1,1,0,0,1.32734683,0.0241,14.314,587.41341,1.175,,,1781.0,,1.03,,,,,,,
334,1,1,0,0,2.797436,0.0379,13.204,371.528,0.89,0.058,,1271.0,,0.93,-0.208,,,,,,
335,1,1,0,0,4.640382,0.0523,9.247,84.857,0.59,0.067,,1082.0,,0.89,-0.208,,,,,,
336,2,1,0,0,3.54387,0.0509,17.609,190.372,0.19,0.0,,1752.0,,1.4,0.607,,,,,,
337,2,1,0,0,3.056536,0.04438,14.28,213.255,0.403,0.0,,1686.0,,,0.431,,,,,,
340,1,1,0,0,4.641878,0.0575,14.348,331.801,0.61,0.0,,1428.0,,1.18,0.356,4.14,,,,,
342,1,2,0,0,4.301219,0.0507,13.922,111.871,0.23,0.044,,1108.0,,0.94,-0.194,4.46,,,,,
344,1,1,0,0,3.128992,0.0452,15.984,283.492,0.38,0.049,,1652.0,,1.26,0.4,4.3,,,,,
345,1,1,0,0,4.463129,0.0577,14.392,156.684,0.28,0.123,,1458.0,,1.28,0.391,4.25,,,,,
348,1,1,0,0,3.1220109,0.0453,14.437,429.0705,0.78,0.115,,1862.0,,1.27,0.603,4.07,,,,,
349,1,1,0,0,4.2180278,0.05069,14.493,98.20947,0.178,0.123,,1192.0,,0.98,-0.066,4.39,,,,,
350,1,1,0,0,2.7535953,0.03694,11.31,259.98494,0.98,0.047,,1218.0,,0.89,-0.305,4.48,,,,,
351,1,1,0,0,1.9616241,0.03159,14.773,471.65972,0.8,0.134,,1778.0,,1.09,0.217,4.31,,,,,
352,1,1,0,0,3.799847,0.04117,10.581,241.5508,1.118,0.074,,818.0,,0.65,-0.902,4.67,,,,,
353,1,1,0,0,3.5852467,0.04604,13.249,184.97706,0.435,0.139,,1313.0,,1.01,,4.43,,,,,
356,1,1,0,0,4.0138379,0.04994,14.93,118.23217,0.194,0.073,1146.0,1622.0,,1.03,0.456,4.08,,,,,
357,1,1,0,0,4.1419771,0.05064,12.588,489.45575,1.347,0.03,441.4,1278.0,,1.01,0.054,4.36,,,,,
359,1,1,0,0,4.7947813,0.06277,18.282,182.43351,0.164,0.25,1634.0,1772.0,,1.44,0.809,3.91,,,,,
360,1,1,0,0,1.90231289,0.0301,10.077,335.94463,1.8,0.113,849.5,1505.0,,1.0,-0.115,4.5,,,,,
361,1,1,0,0,2.6453235,0.03772,12.027,241.86742,0.77,0.101,867.2,1512.0,,1.02,0.091,4.31,,,,,
362,1,1,0,0,3.377728,0.04294,12.543,195.14664,0.54,0.069,387.4,1237.0,,0.93,-0.146,4.43,,,,,
363,1,1,0,0,4.007232,0.05387,19.089,184.34048,0.144,0.101,1611.0,1766.0,,1.3,0.668,4.07,,,,,
364,1,1,0,0,2.6054552,0.03951,21.185,167.49641,0.096,0.304,,1930.0,G2,1.21,0.555,3.98,,,,,
365,1,1,0,0,2.972086,0.04363,17.822,248.86089,0.242,0.09,,1896.0,G0,1.25,0.615,3.99,,,,,
366,2,1,0,0,4.8101025,0.06505,23.371,108.0622,0.052,0.0,,1903.0,,1.64,0.939,3.85,,,,,
367,1,1,0,0,2.29840551,0.02996,12.016,230.10892,0.727,0.041,184.8,1028.0,K,0.68,-0.779,4.62,,,,,
368,1,1,0,0,4.7869491,0.06555,18.786,1137.8314,1.02,0.0,,1930.0,,1.65,1.0,4.11,,,,,
370,1,1,0,0,2.74432452,0.04739,20.961,2154.8874,1.54,0.0,,2562.0,,1.89,1.223,4.18,,,,,
372,1,1,0,0,3.92281072,0.05287,15.614,238.05467,0.342,0.084,931.0,1540.0,,1.28,0.418,4.29,,,,,
373,1,1,0,0,3.446459,0.0444,14.594,589.55,1.03,0.12,,1359.0,,0.99,0.041,,,,,,
374,1,1,0,0,3.312846,0.04491,10.862,167.17858,0.7,0.501,,1407.0,,1.1,0.117,4.39,,,,,
377,1,1,0,0,3.0440499,0.04057,13.585,172.58169,0.377,0.181,,1244.0,,0.96,,4.52,,,,,
378,1,1,0,0,2.7667641,0.03815,11.646,340.39593,1.191,0.142,,1276.0,,0.97,,4.48,,,,,
379,1,1,0,0,1.74748753,0.02712,12.386,689.6911,1.97,0.126,,1505.0,G9 V,0.87,-0.204,4.45,,,,,
380,1,1,0,0,2.686502,0.03744,14.572,1039.3041,1.86,0.0,,1592.0,G3 V,0.97,0.173,4.24,,,,,
381,1,1,0,0,16.254611,0.1308,8.709,425.25654,3.5,0.029,72.7,814.0,G V,1.13,0.093,4.42,,,,,
382,1,1,0,0,0.83784,0.0174,14.897,629.14449,1.1169,,,2069.0,,1.04,,,,,,,
383,1,1,0,0,1.354133,0.023,13.092,427.463,1.05,0.0,,1577.0,K,0.88,-0.268,4.48,,,,,
384,1,1,0,0,4.7228124,0.05025,10.682,870.8542,3.89,0.079,,858.0,K V,0.76,-0.646,4.64,,,,,
385,1,1,0,0,2.1605156,0.03397,20.849,467.2101,0.29,0.114,,1654.0,G V,1.12,0.155,4.33,,,,,
386,1,1,0,0,1.3484978,0.0238,15.637,718.2958,1.03,0.0,,2166.0,,1.07,0.19,4.37,,,,,
387,1,1,0,0,4.2986432,0.05163,14.123,194.82979,0.38,0.176,,1277.0,G,0.99,0.068,4.35,,,,,
388,1,1,0,0,3.3023881,0.04735,19.616,206.5895,0.153,0.245,,1918.0,F,1.3,0.704,3.94,,,,,
389,1,1,0,0,4.637038,0.0611,16.814,168.4499,0.18,0.581,,1659.0,F,1.42,0.669,4.11,,,,,
390,1,1,0,0,3.1810781,0.04131,13.384,213.58176,0.48,0.202,,1253.0,G,0.93,-0.157,4.48,,,,,
391,1,1,0,0,4.6058749,0.05475,14.022,207.54299,0.411,0.158,,1212.0,G,1.03,0.029,4.39,,,,,
392,1,1,0,0,3.547851,0.0485,15.48,340.382,0.51,0.0,,1648.0,F,1.21,0.456,4.22,,,,,
393,2,1,0,0,3.1743516,0.04354,13.171,224.38798,0.543,0.096,,1414.0,G,1.09,0.097,4.42,,,,,
394,1,1,0,0,3.37796,0.0478,18.383,279.6904,0.243,0.233,,1823.0,,1.27,0.619,4.0,,,,,
395,1,1,0,0,2.8126548,0.04024,14.0,292.4036,0.58,0.471,,1437.0,,1.1,0.057,4.4,,,,,
396,1,1,0,0,2.5495551,0.03727,13.787,378.85336,0.79,0.08,,1429.0,,1.06,-0.018,4.45,,,,,
397,1,1,0,0,2.1061607,0.03166,16.029,299.07803,0.4,0.108,,1445.0,,0.95,-0.14,4.43,,,,,
398,1,1,0,0,1.8209993,0.03199,16.41,388.38826,0.484,0.306,,2037.0,,1.32,0.465,4.24,,,,,
400,2,1,0,0,4.3315366,0.04913,6.793,31.46517,0.55,0.0,229.7,1085.0,,0.84,-0.256,4.48,,,,,
401,1,1,0,0,4.375021,0.05036,6.882,23.51942,0.403,0.0,464.7,1294.0,,0.89,0.072,4.3,,,,,
402,1,1,0,0,4.5776348,0.06007,17.598,200.2329,0.202,0.275,,1645.0,,1.38,0.64,4.16,,,,,
403,1,1,0,0,2.516729,0.0362,11.433,420.471,1.55,0.013,,1315.0,G,1.0,-0.187,4.51,,,,,
404,1,1,0,0,3.2642736,0.04997,17.71,505.3497,0.49,0.312,,2101.0,,1.56,0.903,3.92,,,,,
405,1,1,0,0,4.193649,0.0583,14.908,3082.951,5.1,0.38,,1710.0,,1.5,0.653,4.14,,,,,
406,1,1,0,0,2.292102,0.03689,15.693,597.5204,0.83,0.229,,1856.0,,1.27,0.425,4.2,,,,,
407,1,1,0,0,4.3888497,0.04944,13.227,82.95363,0.191,0.173,,1003.0,,0.84,-0.398,4.54,,,,,
408,1,1,0,0,2.7439004,0.03649,11.96,177.9848,0.56,0.279,,1161.0,,0.86,-0.398,4.51,,,,,
409,1,1,0,0,4.1876244,0.05511,14.415,222.481,0.41,0.24,,1518.0,,1.27,0.425,4.3,,,,,
410,1,1,0,0,4.7423729,0.05367,10.122,54.98459,0.28,0.559,,1054.0,,0.92,-0.23,4.54,,,,,
411,1,1,0,0,3.9228038,0.04269,12.52,117.27927,0.331,0.088,87.73,853.0,,0.67,-0.796,4.63,,,,,
412,2,1,0,0,3.1316666,0.03769,8.967,77.23269,0.589,0.162,137.6,955.0,,0.73,-0.709,4.59,,,,,
413,1,1,0,0,4.1480467,0.04515,8.575,112.19399,0.986,0.071,80.45,835.0,,0.71,-0.785,4.6,,,,,
414,1,1,0,0,4.763387,0.0542,10.223,75.323,0.39,0.019,,1025.0,G,0.94,-0.268,4.53,,,,,
415,1,1,0,0,3.8297015,0.05046,12.666,123.9537,0.33,0.516,,,,1.17,0.143,4.41,,,,,
416,1,1,0,0,3.3488702,0.04639,15.805,244.09344,0.34,0.33,,1553.0,,1.19,0.31,4.2,,,,,
417,1,1,0,0,1.36665436,0.02498,15.491,711.9392,1.06,0.246,,1834.0,,1.11,0.068,4.45,,,,,
418,1,1,0,0,3.8537768,0.04753,15.02,189.10885,0.303,0.33,,1312.0,,0.96,0.045,4.34,,,,,
419,1,1,0,0,2.5441828,0.03763,11.96,241.5508,0.77,0.126,,1625.0,,1.1,0.212,4.24,,,,,
420,1,1,0,0,4.2042001,0.05412,14.022,292.72143,0.587,0.092,,1367.0,,1.2,0.229,4.41,,,,,
421,1,1,0,0,4.324799,0.06043,18.921,191.33366,0.155,0.019,,1902.0,,1.57,0.898,3.95,,,,,
422,1,1,0,0,2.350621,0.03493,12.767,1000.21101,2.65,0.028,,1413.0,,1.03,-0.094,4.48,,,,,
423,2,1,0,0,4.2180896,0.05798,12.274,327.3649,0.96,0.168,,1721.0,,1.46,0.689,4.29,,,,,
424,1,2,0,0,5.416081,0.06112,12.621,256.17098,0.7,0.129,269.0,1128.0,,1.04,-0.004,4.42,,,,,
426,1,1,0,0,3.3252725,0.03623,11.187,101.38777,0.399,0.0,,713.0,M1 V,0.57,,4.68,,,,,
427,1,1,0,0,3.560829,0.04708,12.924,210.40346,0.537,0.191,903.9,1528.0,,1.1,0.3,4.15,,,,,
428,1,1,0,0,7.817953,0.07908,13.395,1080.622,2.47,0.092,374.2,1226.0,,1.08,0.369,4.03,,,,,
429,1,1,0,0,3.2768837,0.04163,11.825,56.89157,0.076,0.298,387.4,1237.0,,0.9,-0.173,4.45,,,,,
430,1,1,0,0,3.0566527,0.04026,13.529,305.1168,0.67,0.136,634.1,1398.0,,0.93,0.012,4.35,,,,,
431,1,1,0,0,4.908897,0.06562,18.82,305.1168,0.245,0.151,1711.0,1793.0,,1.56,0.867,3.98,,,,,
432,2,1,0,0,3.105161,0.04497,16.825,260.93843,0.3,0.062,1178.0,1634.0,,1.26,0.377,4.3,,,,,
433,1,1,0,0,3.1414391,0.04714,15.816,1694.0339,2.34,0.064,2637.0,1998.0,,1.41,0.767,4.06,,,,,
434,1,1,0,0,1.6091788,0.03032,18.887,460.8535,0.374,0.057,3821.0,2193.0,,1.44,0.547,4.28,,,,,
435,1,1,0,0,3.5862202,0.05071,13.809,410.0007,0.856,0.036,1521.0,1741.0,,1.35,0.592,4.08,,,,,
436,1,1,0,0,2.2252577,0.03211,10.593,183.38791,0.46,0.519,466.6,1296.0,,0.89,-0.318,4.5,,,,,
437,1,1,0,0,3.185315,0.04012,6.311,38.1396,0.83,0.17,,1084.0,K2,0.85,-0.434,4.54,,,,,
438,1,1,0,0,1.8882378,0.03632,15.513,4100.007,6.64,0.18,9110.0,2730.0,,1.78,1.079,4.17,,,,,
439,1,1,0,0,3.7955202,0.03745,11.478,117.5971,0.42,0.0,,587.0,M3 V,0.49,-1.56,4.77,,,,,
440,1,1,0,0,7.3279474,0.066517,8.097,39.85588,0.411,0.013,49.58,739.0,,0.73,-0.659,4.59,,,,,
441,2,1,0,0,1.73185606,0.02384,11.568,464.02947,1.64,0.044,106.9,895.0,,0.6,-1.216,4.7,,,,,
442,1,1,0,0,2.7886556,0.032742,9.909,156.05375,0.878,0.064,59.26,772.0,,0.6,-1.197,4.68,,,,,
443,1,1,0,0,1.9416423,0.02658,12.094,835.57088,2.58,0.062,129.8,940.0,,0.66,-1.038,4.67,,,,,
444,1,1,0,0,3.0876262,0.03607,13.058,436.69623,1.077,0.045,78.37,828.0,,0.66,-0.992,4.64,,,,,
445,1,1,0,0,3.583893,0.04667,9.785,43.86054,0.259,0.376,,1324.0,,1.06,,4.39,,,,,
478,1,2,0,0,9.55237,0.0907,2.44,12.6,4.7,0.093,,1153.0,F5 V,1.09,,4.25,,,,,
479,1,2,0,0,21.05704,0.1536,4.35,15.2,1.01,0.22,,886.0,F5 V,1.09,,4.25,,,,,
505,1,2,0,0,2.541,0.035,2.05,4.55,2.9,0.093,735.49,1371.0,G,1.0,,4.46,,,,,
579,1,3,0,0,11.57797,0.0964,1.664,4.72,5.62389,0.0,111.6,905.0,,0.87,0.016,4.39,,,,,
580,1,3,0,0,27.59221,0.1721,2.916,11.24,2.49767,0.0,35.1,677.0,,0.87,0.016,4.39,,,,,
581,1,3,0,0,107.245,0.425,2.562,8.82,2.87811,0.0,5.74,431.0,,0.87,0.016,4.39,,,,,
586,1,2,0,0,1.62116,0.02732,1.31,4.04,10.49,0.0,,2130.0,G,1.04,,4.05,,,,,
594,1,1,0,0,11.53533,0.1097,11.5,131.89945,0.477,0.251,356.0,1228.0,,1.32,0.66,3.82,,,,,
640,1,2,0,0,11.6264,0.1053,3.41,11.56,1.58,0.14,255.7,,G0,1.15,,4.19,,,,,
641,1,2,0,0,24.38,,5.83,27.5,0.82,0.115,,,G0,1.15,,4.19,,,,,
642,1,2,0,0,4.75615,0.0522,1.64,7.51,9.3,0.09,,1001.0,K1 V,0.9,,4.53,,,,,
643,1,2,0,0,17.1784,0.1268,2.39,8.11,3.23,0.05,,642.0,K1 V,0.9,,4.53,,,,,
668,1,5,0,0,2.178,,,,6.12,,,,G0,1.08,,,,,,,
745,1,1,0,0,17.471278,0.1334,3.55,19.7,2.39,0.28,58.1,769.0,,1.03,0.012,4.5,,,,,
766,1,5,0,0,8.88029,0.078,3.39,10.4,1.5,0.0,,893.0,G9 V,0.81,-0.187,4.3,,,,,
767,1,5,0,0,28.5805,0.17,3.08,7.2,1.4,0.0,,605.0,G9 V,0.81,-0.187,4.3,,,,,
768,1,5,0,0,38.3525,0.207,3.04,5.8,0.5,0.0,,549.0,G9 V,0.81,-0.187,4.3,,,,,
791,2,1,0,0,3.308958,0.05208,17.318,323.23311,0.343,0.038,3440.0,2132.0,,1.72,0.971,3.85,,,,,
813,1,1,0,0,16.202159,0.1163,2.501,14.4,5.05,0.047,26.5,632.0,K0 V,0.8,-0.444,4.56,,,,,
834,1,2,0,0,1.008035,0.02012,1.745,8.83,9.15,0.0,,2128.0,G,1.07,0.139,4.38,,,,,
854,1,2,0,0,7.78993,0.0695,0.892,3.7,31.93,,,701.0,K4.5,0.73,-0.686,4.61,,,,,
861,1,6,0,0,3.092926,0.03876,1.602,4.74,6.34,0.0,176.2,1015.0,,0.81,-0.577,4.57,,,,,
862,1,6,0,0,6.76458,0.0653,1.511,4.36,6.95,0.062,62.1,782.0,,0.81,-0.577,4.57,,,,,
869,1,1,0,0,6.03607,0.06356,4.71,16.6,0.87,0.0,,1073.0,,0.92,,4.4,,,,,
878,1,1,0,0,14.2767,0.1228,9.17,60.5,0.431,0.115,,,,1.21,0.712,3.58,,,,,
894,1,5,0,0,17.667087,0.1162,2.0,8.32,6.15,0.072,16.0,543.0,K4 V,0.67,-0.625,4.53,,,,,
895,1,5,0,0,29.79749,0.1646,1.87,3.41,3.1,0.063,7.96,467.0,K4 V,0.67,-0.625,4.53,,,,,
896,1,5,0,0,3.97664,0.04298,0.75,0.55,7.5,0.07,117.0,909.0,K4 V,0.67,-0.625,4.53,Terrestrial,HD 23472 d is a terrestrial exoplanet that orbits a K-type star. Its mass is 0.55 EarthsCOMMA it takes 4 days to complete one orbit of its starCOMMA and is 0.04298 AU from its star. Its discovery was announced in 2022.,HD 23472 d is a terrestrial exoplanet that orbits a K-type star. Its mass is 0.55 EarthsCOMMA it takes 4 days to complete one orbit of its starCOMMA and is 0.04298 AU from its star. Its discovery was announced in 2022.,/exoplanet-catalog/8656/hd-23472-d/,A rocky world outside our solar system
897,1,5,0,0,7.90754,0.068,0.818,0.72,7.5,0.07,46.7,723.0,K4 V,0.67,-0.625,4.53,Terrestrial,HD 23472 e is a terrestrial exoplanet that orbits a K-type star. Its mass is 0.72 EarthsCOMMA it takes 7.9 days to complete one orbit of its starCOMMA and is 0.068 AU from its star. Its discovery was announced in 2022.,HD 23472 e is a terrestrial exoplanet that orbits a K-type star. Its mass is 0.72 EarthsCOMMA it takes 7.9 days to complete one orbit of its starCOMMA and is 0.068 AU from its star. Its discovery was announced in 2022.,/exoplanet-catalog/8657/hd-23472-e/,A rocky world outside our solar system
898,1,5,0,0,12.1621839,0.0906,1.137,0.77,3.0,0.07,26.3,630.0,K4 V,0.67,-0.625,4.53,,,,,
913,1,2,0,0,2.76953,0.02933,1.24,2.14,6.2,0.039,42.2,709.0,M0 V,0.44,-1.44,5.2,,,,,
914,1,2,0,0,5.70588,0.04749,1.533,3.09,4.7,0.038,16.1,557.0,M0 V,0.44,-1.44,5.2,,,,,
949,1,4,0,0,0.95965428,0.01802,1.627,4.73,5.5,0.1,,1777.0,,0.85,-0.27,4.47,,,,,
950,1,4,0,0,29.8464948,0.1783,2.923,10.67,2.35,0.15,,565.0,,0.85,-0.27,4.47,,,,,
960,1,1,0,0,18.71204,0.1436,9.718,77.55052,0.464,0.032,98.09,876.0,F8,1.13,0.305,4.28,,,,,
1035,1,2,0,0,14.339156,0.1202,2.45,7.8,2.9,0.08,132.0,943.0,F V,1.13,0.28,4.5,,,,,
1058,1,2,0,0,9.058811,,2.99,10.8,2.2,0.0,115.6,911.0,,0.93,-0.098,4.38,,,,,
1059,1,2,0,0,21.4023,,2.9,11.1,2.5,0.0,36.7,684.0,,0.93,-0.098,4.38,,,,,
1090,1,2,0,0,6.398042,0.0604,2.79,10.2,2.58,0.09,43.3,714.0,K4 V,0.73,,4.62,,,,,
1091,1,2,0,0,18.87974,0.1242,2.39,9.7,3.88,0.08,10.2,498.0,K4 V,0.73,,4.62,,,,,
1108,1,1,0,0,0.719573,0.0166,1.613,5.6,7.4,,,,G2,1.18,0.24,4.34,,,,,
1129,1,2,0,0,3.98442,0.049,2.16,7.25,3.97,0.075,,1311.0,G1 V,1.02,0.072,4.4,,,,,
1138,1,1,0,0,11.8143,0.1066,7.398,34.9613,0.471,0.22,,1089.0,,1.16,0.425,4.02,,,,,
1159,1,1,0,0,55.087,0.262,3.89,42.44,3.98,0.197,7.42,385.0,K0.5 V,0.83,-0.31,4.54,,,,,
1172,1,1,0,0,9.4897116,,2.12,8.3,4.8,0.05,,751.0,K1 V,0.85,-0.455,4.64,,,,,
1218,2,1,0,0,0.9809734,0.01782,22.754,1021.18779,0.48,0.0,661.0,1411.0,K4 V,0.78,-0.678,4.61,,,,,
1241,1,2,0,0,10.28891,0.089,2.74,20.0,5.3,0.16,,757.0,K0 V,0.9,,4.41,,,,,
1259,1,1,0,0,19.3044,,3.84,27.0,2.6,0.31,,,,0.92,,4.5,,,,,
1260,1,1,0,0,1.6739035,0.0301,3.88,21.8,2.04,0.0,1915.0,1841.0,G0 V,1.15,,4.33,,,,,
1269,1,2,0,0,5.3518,0.057,1.82,5.29,4.8,0.13,,,G2,0.84,,4.25,,,,,
1272,1,1,0,0,11.3909311,0.0943,10.447,638.8351,3.08,0.081,40.0,701.0,,0.86,-0.445,4.54,,,,,
1302,1,6,0,0,2.35309,0.03385,1.51,3.1,4.9,0.048,,,,0.94,,4.54,,,,,
1303,1,6,0,0,3.56004,0.04461,2.299,6.31,2.8,0.045,,,,0.94,,4.54,,,,,
1304,1,6,0,0,5.40479,0.05893,2.39,7.92,3.1,0.043,,,,0.94,,4.54,,,,,
1305,1,6,0,0,8.26146,0.0782,3.39,12.97,1.8,0.077,,,,0.94,,4.54,,,,,
1306,1,6,0,0,12.75758,0.10447,2.904,1.63,0.4,0.062,,,,0.94,,4.54,Terrestrial,K2-138 f is a terrestrial exoplanet that orbits a G-type star. Its mass is 1.63 EarthsCOMMA it takes 12.8 days to complete one orbit of its starCOMMA and is 0.10447 AU from its star. Its discovery was announced in 2017.,K2-138 f is a terrestrial exoplanet that orbits a G-type star. Its mass is 1.63 EarthsCOMMA it takes 12.8 days to complete one orbit of its starCOMMA and is 0.10447 AU from its star. Its discovery was announced in 2017.,/exoplanet-catalog/6152/k2-138-f/,A rocky world outside our solar system
1307,1,6,0,0,41.96797,0.23109,3.013,4.32,0.9,0.059,,,,0.94,,4.54,,,,,
1310,1,1,0,0,6.569188,0.068,13.563,295.58042,0.66,0.0,204.0,962.0,G6 V,0.96,,4.4,,,,,
1311,1,2,0,0,0.2803244,,1.51,5.08,8.2,0.0,,,,0.71,-0.75,4.62,,,,,
1313,1,2,0,0,2.6446,,2.05,5.77,3.69,0.129,,,,0.33,,,,,,,
1314,1,2,0,0,4.00498,,2.19,7.49,3.92,0.075,,,,0.33,,,,,,,
1362,1,2,0,0,32.939623,0.1429,2.37,8.92,4.11,0.2,,284.0,,0.36,,,,,,,
1366,1,1,0,0,4.7369683,0.0526,2.69,20.0,5.6,0.04,146.9,969.0,,0.86,-0.408,4.61,,,,,
1398,1,2,0,0,3.2253993,0.0382,1.73,6.9,7.2,0.02,116.2,913.0,,0.71,-0.733,,,,,,
1399,1,2,0,0,7.3744897,0.0662,2.85,12.4,2.9,0.03,38.6,694.0,,0.71,-0.733,,,,,,
1419,1,1,0,0,2.1748,0.028,1.75,8.0,8.2,0.0,248.0,1103.0,K5 V,0.7,-0.721,4.57,,,,,
1442,1,3,0,0,2.4675,0.03308,1.343,11.26,26.26,0.079,,1121.0,,0.79,,4.64,,,,,
1443,1,3,0,0,7.06005,0.06666,1.281,12.81,33.91,0.2002,,790.0,,0.79,,4.64,,,,,
1444,1,3,0,0,24.3645,0.15224,2.358,21.14,8.85,0.1999,,523.0,,0.79,,4.64,,,,,
1445,1,1,0,0,2.18053539,0.03558,16.197,433.20012,0.562,0.042,1860.0,1828.0,,1.26,0.371,4.34,,,,,
1446,1,1,0,0,3.20466,0.046,14.572,273.3338,0.56,0.0,,1587.0,G2 V,1.19,,4.11,,,,,
1450,1,2,0,0,20.88977,,5.4,19.0,0.64,0.06,,,,1.07,,4.29,,,,,
1451,1,2,0,0,42.3391,,7.5,15.4,0.2,0.07,,,,1.07,,4.29,,,,,
1478,1,1,0,0,2.6266657,0.0404,17.396,451.3186,0.5,0.0,,1957.0,F6 V,1.39,,4.15,,,,,
1479,1,1,0,0,11.633478,0.1034,9.528,59.75174,0.38,0.286,180.0,1046.0,,1.09,0.328,4.04,,,,,
1480,1,1,0,0,50.818947,0.2573,2.41,14.8,5.7,0.14,,470.0,G9 V,0.88,-0.26,4.51,,,,,
1483,2,1,0,0,2.369172,0.03376,1.71,6.54,7.1,0.084,,,G8 V,0.92,,4.42,,,,,
1486,2,4,0,0,14.697,0.1035,2.93,8.9,2.03,0.047,13.95,538.0,,0.69,-0.823,4.58,,,,,
1487,2,4,0,0,19.482,0.1249,2.73,14.3,2.21,0.043,9.58,490.0,,0.69,-0.823,4.58,,,,,
1494,3,1,0,0,6.771315,0.06702,4.48,30.9,1.87,0.251,116.0,902.0,,0.87,,4.48,,,,,
1508,1,1,0,0,19.89526,0.1461,7.5,37.1,0.48,0.35,,787.0,,1.03,,4.21,,,,,
1513,1,4,0,0,3.471745,0.03817,2.59,9.68,3.07,0.0,234.31,1089.0,K2 V,0.83,,4.4,,,,,
1514,1,4,0,0,7.138048,0.0824,3.53,15.68,1.95,0.0,50.35,741.0,K2 V,0.83,,4.4,,,,,
1521,2,1,0,0,3.2588321,0.04217,13.339,232.0159,0.53,0.066,,1171.0,G7 V,0.94,,4.54,,,,,
1522,3,2,0,0,9.21165,0.0923,3.06,10.9,4.1,0.0,,1230.0,,1.19,,4.23,,,,,
1523,3,2,0,0,48.36685,0.305,11.276,246.00042,1.01,0.0,,676.0,,1.19,,4.23,,,,,
1524,1,1,0,0,2.225177,0.03261,1.589,6.49,8.84,0.0,633.0,,,0.93,-0.166,4.5,,,,,
1525,1,1,0,0,16.9841,0.13,2.63,24.5,7.4,0.04,67.0,795.0,G3 V,1.0,,4.33,,,,,
1528,1,1,0,0,4.024867,0.0451,10.054,106.47305,0.612,0.0,,852.0,K5 V,0.74,,4.63,,,,,
1529,1,3,0,0,10.054626,,,6.48,3.7,0.0,,,M0.0&plusmn;0.5 V,0.6,,4.73,,,,,
1530,1,3,0,0,24.646582,,,2.14,2.98,0.0,,,M0.0&plusmn;0.5 V,0.6,,4.73,,,,,
1531,1,3,0,0,44.55646,,,2.80007,5.62,0.0,,,M0.0&plusmn;0.5 V,0.6,,4.73,,,,,
1532,1,1,0,0,4.098503,0.04839,11.646,184.02357,0.64,0.0,,1092.0,G6 V,0.9,-0.256,4.54,,,,,
1541,2,4,0,0,8.992,0.0795,5.299,15.0,0.55,0.03,,837.0,,0.83,,4.49,,,,,
1542,2,4,0,0,20.66093,0.13843,3.134,8.1,1.43,0.049,,634.0,,0.83,,4.49,,,,,
1543,2,4,0,0,31.71701,0.18422,3.484,6.7,0.87,0.05,,550.0,,0.83,,4.49,,,,,
1544,2,4,0,0,4.34934,0.04899,1.212,2.1,6.3,0.043,,1066.0,,0.83,,4.49,,,,,
1552,1,1,0,0,12.4551225,0.1016,8.676,82.6358,0.694,0.0697,45.7,650.0,,0.9,-0.325,4.57,,,,,
1592,1,2,0,0,1.422614,0.0223,1.43,3.9,7.2,0.0,529.0,1224.0,,0.79,-0.57,4.62,,,,,
1616,1,2,0,0,10.56103,0.0964,2.42,9.9,3.6,,128.3,858.0,G2 V,1.07,,4.35,,,,,
1683,1,1,0,0,3.00265,0.045,7.656,135.39558,1.7,0.0,,1400.0,G4 V,0.97,,4.07,,,,,
1691,1,1,0,0,5.06963,0.05983,2.49,21.3,7.8,0.0,840.0,1372.0,,1.11,,4.03,,,,,
1730,1,1,0,0,1.217514,0.02466,12.442,8654.15,24.7,0.0099,,,,1.32,0.542,,,,,,
1731,1,1,0,0,4.1662739,0.0525,15.681,215.80657,0.308,,600.0,1377.0,G0 V,1.11,0.217,4.32,,,,,
1733,1,1,0,0,5.031623,0.06708,19.952,301.9385,0.209,0.0,1749.0,1800.0,,1.59,0.892,3.89,,,,,
1734,1,1,0,0,1.7100566,0.03005,19.537,408.09372,0.322,0.0,,1970.0,G4,1.24,,4.17,,,,,
1736,2,1,0,0,0.9689951,0.02044,15.861,874.0325,1.2,0.0,,2453.0,F7 V,1.21,0.401,4.25,,,,,
1737,1,1,0,0,3.0801716,0.04881,17.094,416.3573,0.46,,,2087.0,A,1.64,0.876,4.22,,,,,
1738,2,1,0,0,2.8717518,0.0455,17.598,375.0394,0.377,0.0,3152.0,2085.0,F4 V,1.52,0.813,4.06,,,,,
1739,2,1,0,0,4.6117093,0.0637,21.409,1293.5681,0.744,,2340.0,1935.0,A8 V,1.62,0.978,4.13,,,,,
1741,1,1,0,0,3.4741085,0.0542,19.515,1074.90106,0.806,,4362.5,2262.0,A2 V,1.76,1.104,4.29,,,,,
1742,1,1,0,0,3.6127647,0.05224,17.777,1242.7153,1.24,0.0,2950.0,2051.0,A8 V,1.46,0.905,4.17,,,,,
1743,2,1,0,0,2.255251,0.03302,14.83,298.12454,0.503,0.0,991.18,1561.0,G2 V,0.94,0.034,4.42,,,,,
1744,1,1,0,0,5.5514926,0.06969,14.258,1646.3594,3.13,0.077,750.9,1459.0,,1.46,0.565,4.25,,,,,
1746,3,1,0,0,2.9895932,0.04317,19.044,286.68266,0.228,0.0,1840.0,1823.0,F,1.2,0.535,4.11,,,,,
1751,2,1,0,0,1.4811235,0.03462,21.196,915.3504,0.53,0.0,44900.0,4050.0,B9.5-A0,2.52,1.724,4.09,,,,,
1795,1,2,0,0,,1.26,0.997,0.96,0.96,,,,,0.26,,,Terrestrial,KMT-2020-BLG-0414L b is a terrestrial exoplanet that orbits an unknown-type star. Its mass is 0.96 EarthsCOMMA it takes 2.8 years to complete one orbit of its starCOMMA and is 1.26 AU from its star. Its discovery was announced in 2021.,KMT-2020-BLG-0414L b is a terrestrial exoplanet that orbits an unknown-type star. Its mass is 0.96 EarthsCOMMA it takes 2.8 years to complete one orbit of its starCOMMA and is 1.26 AU from its star. Its discovery was announced in 2021.,/exoplanet-catalog/8544/kmt-2020-blg-0414l-b/,A rocky world outside our solar system
1806,2,1,0,0,86.647661,0.382,10.54,460.83,2.1,0.772,,511.0,G5 V,0.99,,4.32,,,,,
1807,3,1,0,0,1.763588,0.03641,16.948,2949.4624,3.6,0.00064,,2550.0,,1.72,,4.2,,,,,
1808,1,3,0,0,10.91647,,3.438,9.5,1.29,0.05561,,,,0.99,,,,,,,
1812,1,2,0,0,134.4628,,8.86,71.0,0.56,0.0,5.7,,,1.08,,4.3,,,,,
1813,1,2,0,0,284.215,,5.44,15.0,0.51,0.0,2.49,,,1.08,,4.3,,,,,
1814,1,4,0,0,34.169,,1.13,2.23,9.95,,,475.0,,0.9,,,,,,,
1815,1,3,0,0,7.685,,2.58,11.02,4.5,,,613.0,,0.68,,,,,,,
1817,1,2,0,0,21.185,,1.19,9.2,10.0,,,785.0,,0.86,,,,,,,
1818,1,2,0,0,31.828,,1.21,10.36,10.0,,,686.0,,0.86,,,,,,,
1826,1,1,0,0,141.241671,0.534,11.097,613.4119,2.46,0.496,,347.0,,1.01,,4.47,,,,,
1828,1,2,0,0,0.240104,0.006,0.759,0.44,0.44,,,,B,0.5,1.36,5.52,Terrestrial,<p>Kepler-70b (a.k.a. KOI-55) could well be another circle of hell with an average temperature hotter than the Sun’s surface. It used to be Jupiter-sized until it spent some time inside its now-dead star…a trip that destroys most planetsCOMMA but left this one a Freddy Krueger-like burned world smaller than Earth. At about 12COMMA000 degrees F (6COMMA800 C)COMMA it is one of the hottest planets discovered. In factCOMMA the planet itself is evaporatingCOMMA soon to be another victim.</p>CARRIAGE_RETURNNEWLINECARRIAGE_RETURNNEWLINE<p>KOI-55 b is a terrestrial exoplanet that orbits a B-type star. Its mass is 0.44 EarthsCOMMA it takes 0.2 days to complete one orbit of its starCOMMA and is 0.006 AU from its star. Its discovery was announced in 2011.</p>,<p>Kepler-70b (a.k.a. KOI-55) could well be another circle of hell with an average temperature hotter than the Sun’s surface. It used to be Jupiter-sized until it spent some time inside its now-dead star…a trip that destroys most planetsCOMMA but left this one a Freddy Krueger-like burned world smaller than Earth. At about 12COMMA000 degrees F (6COMMA800 C)COMMA it is one of the hottest planets discovered. In factCOMMA the planet itself is evaporatingCOMMA soon to be another victim.</p>CARRIAGE_RETURNNEWLINECARRIAGE_RETURNNEWLINE<p>KOI-55 b is a terrestrial exoplanet that orbits a B-type star. Its mass is 0.44 EarthsCOMMA it takes 0.2 days to complete one orbit of its starCOMMA and is 0.006 AU from its star. Its discovery was announced in 2011.</p>,/exoplanet-catalog/1196/koi-55-b/,A rocky world hotter than the Sun.
1829,1,2,0,0,0.342887,0.0076,0.867,0.655,0.655,,,,B,0.5,1.36,5.52,Terrestrial,KOI-55 c is a terrestrial exoplanet that orbits a B-type star. Its mass is 0.655 EarthsCOMMA it takes 0.3 days to complete one orbit of its starCOMMA and is 0.0076 AU from its star. Its discovery was announced in 2011.,KOI-55 c is a terrestrial exoplanet that orbits a B-type star. Its mass is 0.655 EarthsCOMMA it takes 0.3 days to complete one orbit of its starCOMMA and is 0.0076 AU from its star. Its discovery was announced in 2011.,/exoplanet-catalog/1197/koi-55-c/,A rocky world outside our solar system
1832,2,4,0,0,3.743208,0.05119,1.71,10.5,10.1,0.25,,1486.0,,1.28,0.479,4.18,,,,,
1833,2,4,0,0,10.423648,0.1013,4.32,15.6,0.91,0.43,,1012.0,,1.28,0.479,4.18,,,,,
1834,2,4,0,0,22.342989,0.1684,11.27,106.0,0.363,0.022,,806.0,,1.28,0.479,4.18,,,,,
1835,2,4,0,0,54.32031,0.3046,6.56,35.0,0.6,0.019,,584.0,,1.28,0.479,4.18,,,,,
1838,1,1,0,0,1.706291,0.0269,11.545,346.4347,1.31,0.0,729.0,1459.0,K1 V,0.89,,4.47,,,,,
1840,1,2,0,0,0.837491,0.0172,1.481,4.60853,8.0,,,2130.0,,0.91,,4.35,,,,,
1841,1,2,0,0,45.2946,,,7.37,3.14,,,,,1.02,0.055,4.37,,,,,
1842,1,3,0,0,6.88705,,1.32,7.34,14.25,,,,,1.08,,4.12,,,,,
1856,1,2,0,0,3.4876812,0.0474,5.77,51.1,1.45,0.086,,1513.0,G3 IV,1.17,,4.12,,,,,
1857,1,2,0,0,6.02976,0.0684,1.25,3.78,10.5,0.0,,1413.0,G3 IV,1.17,,4.12,,,,,
1871,1,5,0,0,10.3117,,1.18,3.8,13.27,,,,,0.8,,4.61,,,,,
1872,1,5,0,0,16.1457,,2.22,8.93,4.68,,,,,0.8,,4.61,,,,,
1884,1,2,0,0,15.9654,,3.37,9.7,1.38,,,,,1.09,,4.16,,,,,
1885,1,2,0,0,179.612,,5.14,36.1,1.47,,,,,1.09,,4.16,,,,,
1912,1,2,0,0,7.1262,,1.31,4.6,11.2,,161.0,,,0.96,,,,,,,
1925,1,4,0,0,13.5708,,2.5,10.44,3.28,,,,,1.0,,4.41,,,,,
1927,1,4,0,0,43.8445,,2.56,11.17,3.1,,,,,1.0,,4.41,,,,,
1940,1,4,0,0,3.1800218,0.04544,1.536,3.51,5.3,0.0,,1593.0,,1.24,,4.21,,,,,
1941,1,4,0,0,4.901452,0.06064,1.597,9.39,12.65,0.0,,1379.0,,1.24,,4.21,,,,,
1942,1,4,0,0,7.95839,0.08377,0.86,3.8,33.1,0.0,,1173.0,,1.24,,4.21,,,,,
1943,1,4,0,0,14.749143,0.12639,2.903,8.6,2.0,0.0,,955.0,,1.24,,4.21,,,,,
1984,1,6,0,0,10.3039,0.091,1.8,1.9,1.72,0.045,,,,0.96,,4.37,Terrestrial,One of six planets squeezed in the most compact planetary system yet discovered. If placed inside our solar systemCOMMA five planets would orbit between Mercury and our sun.,One of six planets squeezed in the most compact planetary system yet discovered. If placed inside our solar systemCOMMA five planets would orbit between Mercury and our sun.,/exoplanet-catalog/1806/kepler-11-b/,A rocky world outside our solar system
1985,1,6,0,0,13.0241,0.107,2.87,2.9,0.66,0.026,,,,0.96,,4.37,,,,,
1986,1,6,0,0,22.6845,0.155,3.12,7.3,1.28,0.004,,,,0.96,,4.37,,,,,
1987,1,6,0,0,31.9996,0.195,4.19,8.0,0.58,0.012,,,,0.96,,4.37,,,,,
1988,1,6,0,0,46.6888,0.25,2.49,2.0,0.69,0.013,,,,0.96,,4.37,,,,,
1989,1,6,0,0,118.3807,0.466,3.33,25.0,4.0,0.15,,,,0.96,,4.37,,,,,
2027,1,2,0,0,4.754,,1.82,11.7,10.73,,,,,0.75,,4.64,,,,,
2081,1,2,0,0,18.7959228,0.1445,8.059,29.875,0.3,0.0493,,984.0,F8 V,1.13,,4.1,,,,,
2082,1,2,0,0,50.790391,0.2804,12.341,584.78,1.74,0.0323,,704.0,F8 V,1.13,,4.1,,,,,
2117,1,1,0,0,4.4379629,0.0553,19.661,137.30256,0.11,,,1480.0,,1.17,,4.17,,,,,
2224,1,2,0,0,15.09,,1.43,0.77,1.46,,,,,1.09,,,,,,,
2225,1,2,0,0,22.804,,1.34,0.9,2.07,,,,,1.09,,,,,,,
2236,1,3,0,0,15.79,0.13,2.4,,8.1,,,,G4 V,1.18,,,,,,,
2237,1,3,0,0,82.2,0.39,2.52,43.0,14.8,,,,G4 V,1.18,,,,,,,
2262,1,2,0,0,16.092,,2.41,16.13,6.0,,,,,1.02,,4.42,,,,,
2263,1,2,0,0,25.5169,,0.84,8.25,77.7,,,,,1.02,,4.42,,,,,
2360,1,3,0,0,10.3126,,0.522,0.066,2.6,,6.81,,,0.52,,4.89,Terrestrial,Kepler-138 b is a terrestrial exoplanet that orbits an M-type star. Its mass is 0.066 EarthsCOMMA it takes 10.3 days to complete one orbit of its starCOMMA and is 0.076 AU from its star. Its discovery was announced in 2014.,Kepler-138 b is a terrestrial exoplanet that orbits an M-type star. Its mass is 0.066 EarthsCOMMA it takes 10.3 days to complete one orbit of its starCOMMA and is 0.076 AU from its star. Its discovery was announced in 2014.,/exoplanet-catalog/1556/kepler-138-b/,A rocky world outside our solar system
2361,1,3,0,0,13.7813,,1.197,1.97,6.2,,4.63,,,0.52,,4.89,,,,,
2362,1,3,0,0,23.0881,,1.212,0.64,2.1,,2.32,,,0.52,,4.89,,,,,
2389,2,1,0,0,6.790123,,12.733,2669.66,7.1,0.035,,,,1.51,0.799,3.99,,,,,
2517,1,1,0,0,4.942782,0.05714,10.76,209.76,0.93,0.06,,,,1.02,-0.087,4.46,,,,,
2539,1,2,0,0,217.83184,0.753,12.42,1678.1424,4.82,0.401,3.23,388.0,,1.2,0.328,4.29,,,,,
2651,2,1,0,1,228.776,0.7048,8.449,105.833,0.964,0.0069,,,,0.69,,4.65,,,,,
2723,1,1,0,0,1047.8356,2.026,9.18,158.915,1.2,0.26,0.3,206.0,G5 V,1.01,0.09,4.3,,,,,
2724,1,1,0,0,11.8728787,0.103,2.213,5.0,2.5,,155.0,,G0 V,1.03,,4.36,,,,,
2727,1,1,0,0,3.84937278,0.0544,11.994,1868.8404,6.36,0.0628,,,,1.45,,3.67,,,,,
2731,2,1,0,1,175.06,0.633,3.87,17.0,1.6,0.057,0.88,243.0,K,0.84,,4.66,,,,,
2744,2,4,0,0,1071.23205,1.883,10.16,321.00669,1.68,0.29,,134.0,,0.78,-0.539,4.58,,,,,
2783,1,1,0,0,1.4857108,0.02591,14.68,778.65,1.35,0.011,,1570.0,,1.04,0.012,4.45,,,,,
2789,1,1,0,0,988.88113,2.026,11.938,1318.98789,4.06,0.921,0.34,254.0,,1.13,0.452,4.03,,,,,
2790,1,2,0,0,9.03502,,2.03,4.47,2.97735,0.033,,,,1.14,0.354,4.3,,,,,
2791,1,2,0,0,11.28,,2.05,5.42,3.52871,0.028,,,,1.14,0.354,4.3,,,,,
2872,1,2,0,0,36.8601,,3.5,5.84,0.75,0.0,30.4,,,0.92,,4.1,,,,,
2873,1,2,0,0,49.40926,,8.73,14.7,0.121,0.0,25.4,,,0.92,,4.1,,,,,
2909,1,3,0,0,3.504725,0.0447,2.0,6.9,4.9,0.0,,,,0.97,-0.031,4.31,,,,,
2910,1,3,0,0,7.64159,0.0752,5.49,17.3,0.59,0.0,,,,0.97,-0.031,4.31,,,,,
2911,1,3,0,0,14.85888,0.1172,6.98,16.4,0.27,0.0,,,,0.97,-0.031,4.31,,,,,
3131,1,2,0,0,7.54425,,0.802,2.02,4.02,0.067,,,,1.12,0.294,4.2,,,,,
3132,1,2,0,0,11.3295,,0.868,2.11,3.33,0.043,,,,1.12,0.294,4.2,,,,,
3138,2,6,0,0,3.69611525,0.0463,1.868,9.7,8.2,0.03,,1105.0,,0.95,,4.45,,,,,
3139,2,6,0,0,10.85409089,0.0949,3.047,12.75,2.5,0.16,,772.0,,0.95,,4.45,,,,,
3140,2,6,0,0,77.61130017,0.3506,2.744,10.07,2.7,,,401.0,,0.95,,4.45,,,,,
3169,2,1,0,0,2.78578,0.042717,1.639,5.08,6.4,0.02,,2025.0,,1.41,0.715,4.03,,,,,
3195,1,1,0,0,289.8623,0.849,2.38,36.0,14.7,0.0,,262.0,G5 V,0.97,-0.102,4.44,,,,,
3207,1,4,0,0,7.38449,,2.99,7.4,1.54,0.078,,,,1.12,,,,,,,
3208,1,4,0,0,9.84564,,3.44,5.1,0.71,0.15,,,,1.12,,,,,,,
3209,1,4,0,0,14.78869,,5.24,8.0,0.31,0.037,,,,1.12,,,,,,,
3210,1,4,0,0,19.72567,,4.6,4.8,0.28,0.051,,,,1.12,,,,,,,
3285,2,3,0,0,6.238297,,2.748,8.7,2.32,0.0029,,,,1.17,,,,,,,
3286,2,3,0,0,12.7207,,5.217,15.2,0.588,0.0061,,,,1.17,,,,,,,
3317,1,4,0,0,12.28,,2.78,5.12,1.26,,7.6,,,0.54,,,,,,,
3318,1,4,0,0,17.2559,,2.72,6.2,1.61,,4.82,,,0.54,,,,,,,
3398,1,3,0,0,34.545,0.21,2.15,7.3,4.1,,,,,1.08,0.061,4.47,,,,,
3399,1,3,0,0,125.8518,0.51,11.59,132.0,0.47,,,,,1.08,0.061,4.47,,,,,
3400,1,3,0,0,66.0634,0.33,2.68,4.0,1.2,,,,,1.08,0.061,4.47,,,,,
3401,1,2,0,0,10.33974,,2.55,5.0,1.65,0.0,55.9,,,0.76,,4.6,,,,,
3402,1,2,0,0,13.28613,,2.34,4.5,1.91,0.0,34.4,,,0.76,,4.6,,,,,
3433,1,3,0,0,29.33434,0.18,3.9,11.3,1.02,0.042,,,,0.99,,4.77,,,,,
3434,1,3,0,0,60.323105,0.3,12.3,640.0,1.88,0.0111,,,,0.99,,4.77,,,,,
3435,1,3,0,0,143.34394,0.5,8.8,23.1,0.19,0.022,,,,0.99,,4.77,,,,,
3457,1,2,0,0,10.4208,,2.43,7.44,2.62,,59.7,,,0.91,,,,,,,
3458,1,2,0,0,13.0729,,2.2,3.64,1.74,,44.0,,,0.91,,,,,,,
3549,2,1,0,1,288.822,1.0896,8.564,69.92,0.613,0.182,,,,1.05,0.173,4.33,,,,,
3574,2,1,0,1,131.458,0.60347,8.16,40.363,0.41,0.042,,,,0.89,-0.027,4.36,,,,,
3601,1,2,0,0,13.86825,,1.498,3.83,6.26,0.0,247.0,,,1.03,,4.1,,,,,
3602,1,2,0,0,16.21865,,3.679,7.13,0.787,0.0,191.0,,,1.03,,4.1,,,,,
3673,1,1,0,0,21.08721,0.164,13.9,6388.1,13.0,0.112,,897.0,F7 V,1.29,,4.4,,,,,
3697,1,1,0,0,3.21346,0.0456,4.002,24.472,1.91,0.0,,1650.0,,1.22,0.354,4.17,,,,,
3698,1,1,0,0,6.87349,0.08,13.11,699.2,1.68,0.0,,1620.0,F5 IV,1.48,,3.94,,,,,
3715,1,2,0,0,2.42629,,1.43,6.35,11.82,,,,,1.07,,4.41,,,,,
3716,1,2,0,0,4.62332,,0.85,2.71,24.39,,,,,1.07,,4.41,,,,,
3721,1,1,0,0,1.8555582,0.03101,14.46,177.98,0.33,0.0,,1790.0,G2 V,1.15,,4.28,,,,,
3723,2,4,0,0,3.005156,0.0375,2.401,25.6,10.3,0.146,,1138.0,K2 V,0.87,,,,,,,
3724,2,4,0,0,7.834435,0.0739,4.421,26.4,1.7,0.108,,838.0,K2 V,0.87,,,,,,,
3725,2,4,0,0,58.02035,0.279,3.319,15.2,2.3,0.128,,410.0,K2 V,0.87,,,,,,,
3727,1,1,0,0,1.7208604,0.02897,15.031,299.07803,0.52,,,1850.0,,1.17,,4.3,,,,,
3728,2,1,0,1,66.262,0.3553,4.347,67.0,3.2,0.1181,,,,0.82,,4.57,,,,,
3745,1,1,0,0,7.8914483,0.082,12.89,136.66,0.38,,,,,1.15,0.24,4.31,,,,,
3746,1,1,0,0,2.6843285,0.03585,13.361,189.101,0.459,0.019,,1605.0,G4 V,0.85,,4.41,,,,,
3747,1,2,0,0,3.3118644,0.044,9.98,327.35,1.94,,,,,1.01,-0.15,4.5,,,,,
3749,1,1,0,0,3.79701816,0.0464,10.962,79.45,0.27,0.33,,1070.0,K1 V,0.93,-0.323,4.54,,,,,
3750,1,1,0,0,3.21751883,0.0414,12.22,108.06,0.26,0.18,,1300.0,G1 V,0.91,-0.089,4.47,,,,,
3751,1,1,0,0,10.290994,0.091,13.79,92.17,0.16,0.57,,1100.0,G2 V,0.96,0.29,4.14,,,,,
3752,1,1,0,0,3.52563254,0.0433,12.11,403.63,1.02,0.22,,1070.0,K1 V,0.87,-0.39,4.57,,,,,
3753,1,1,0,0,3.0240949,0.046,13.664,1026.5909,5.0,,,1620.0,,1.32,,4.26,,,,,
3759,2,2,0,0,52.501129,0.301,12.834,1719.4603,4.46,0.5134,,,,1.32,,3.35,,,,,
3761,1,1,0,0,5.33408384,0.0679,16.25,896.24,1.13,0.119,,1776.0,,1.46,0.88,3.89,,,,,
3762,1,1,0,0,12.8747099,0.1143,12.67,908.96,2.4,0.131,,1000.0,,1.2,0.33,4.24,,,,,
3763,1,1,0,0,8.6001536,0.0948,22.31,266.97,0.131,0.114,,1729.0,,1.54,1.129,3.61,,,,,
3769,1,1,0,0,3.2467293,0.0446,12.22,317.82,0.93,0.066,,1544.0,G2 IV,1.12,,4.22,,,,,
3785,1,1,0,0,7.79430132,0.0769,18.49,435.41,0.4,0.123,,,G8 V,1.0,,4.4,,,,,
3789,1,1,0,0,2.455239,0.03,10.76,160.497,0.8,0.11,,1000.0,M,0.59,,4.7,,,,,
3801,1,3,0,0,33.60134,0.1968,9.057,1907.0,14.0,0.01,,543.0,,0.9,-0.255,4.45,,,,,
3806,1,2,0,0,84.6866,,3.0,53.9,9.3,0.042,,,,1.59,,4.22,,,,,
3807,1,2,0,0,207.62,,4.0,6.0,0.4,0.11,,,,1.59,,4.22,,,,,
3815,2,3,0,1,49.4643,0.2877,3.05,2.07,0.4,0.021,,,,0.96,,,,,,,
3816,2,3,0,1,303.227,0.9638,4.65,3.17,0.17,0.044,,,,0.96,,,,,,,
3817,2,3,0,1,187.366,0.6992,7.04,19.02,0.3,0.024,,,,0.96,,,,,,,
3828,1,4,0,0,4.778,,1.88,3.94,3.23,,,,,0.88,,4.49,,,,,
3829,1,4,0,0,9.67395,,2.71,14.61,4.01,,,,,0.88,,4.49,,,,,
3830,1,4,0,0,42.8961,,2.04,7.93,5.08,,,,,0.88,,4.49,,,,,
3859,1,1,0,0,3.5484657,0.0538,15.984,670.93913,0.4,,,1750.0,,1.37,,3.96,,,,,
3872,1,3,0,0,45.154,0.2514,7.1,2.1,0.03,0.04,,543.0,,1.04,,4.51,,,,,
3873,1,3,0,0,85.312,0.384,9.0,4.0,0.03,0.014,,439.0,,1.04,,4.51,,,,,
3874,1,3,0,0,130.194,0.509,9.7,7.6,0.046,0.008,,381.0,,1.04,,4.51,,,,,
3915,2,1,0,0,81.73778,0.4669,2.215,10.6,5.4,0.041,2.99,380.0,,0.89,,4.51,,,,,
3916,1,2,0,0,125.63243,0.4988,8.373,308.2951,2.9,0.39,,388.0,G2 V,1.05,,4.5,,,,,
3948,1,3,0,0,10.5016,0.1028,6.51,22.1,0.442,,,,,1.32,,3.31,,,,,
3949,1,3,0,0,21.40239,0.1652,9.8,181.0,1.06,,,,,1.32,,3.31,,,,,
4002,1,1,0,0,3.2346996,0.04852,14.617,212.31044,0.4,,,1460.0,,1.21,,4.24,,,,,
4003,1,3,0,0,7.1334,,1.71,4.19,4.62,,318.0,,,1.04,,,,,,,
4004,1,3,0,0,8.9187,,1.9,3.85,3.06,,236.0,,,1.04,,,,,,,
4005,1,3,0,0,11.8981,,1.99,4.16,2.91,,161.0,,,1.04,,,,,,,
4051,1,1,0,0,9.4341505,0.08,6.11,120.0,3.0,0.45,,,,0.98,-0.157,4.52,,,,,
4135,1,1,0,0,4.8854892,0.06067,18.181,140.16303,0.14,,,1630.0,,1.36,,3.98,,,,,
4181,1,1,0,0,7.340711,0.0781,10.76,200.22,0.88,0.0,,1078.0,F8 V,1.18,,4.44,,,,,
4192,1,1,0,0,8.8849116,0.0818,11.77,3209.9,11.0,0.57,,767.0,K0 V,0.91,,4.5,,,,,
4208,1,1,0,0,1.5449298,0.0274,15.244,638.8383,1.1,,,2140.0,,1.2,,4.2,,,,,
4221,1,1,0,0,3.57878087,0.04501,10.761,136.661,0.603,0.0,,1440.0,G5 V,0.95,,4.42,,,,,
4246,1,4,0,0,13.4845,0.117,3.47,10.9,1.43,0.015,,,,1.17,0.342,4.27,,,,,
4247,1,4,0,0,27.4029,0.187,3.72,5.9,0.62,0.03,,,,1.17,0.342,4.27,,,,,
4248,1,4,0,0,52.0902,0.287,7.16,6.0,0.09,0.025,,,,1.17,0.342,4.27,,,,,
4249,1,4,0,0,81.0659,0.386,3.49,4.1,0.53,0.012,,,,1.17,0.342,4.27,,,,,
4261,1,1,0,0,3.5224991,0.0474,15.872,187.5197,0.27,,,1680.0,,1.21,,4.17,,,,,
4262,1,6,0,0,7.05246,0.0648,2.67,6.93,1.38,,,,K5,0.73,-0.77,4.64,,,,,
4263,1,6,0,0,9.52355,0.0792,2.74,6.74,1.22,,,,K5,0.73,-0.77,4.64,,,,,
4264,1,6,0,0,3.07222,0.0372,1.53,6.75,7.04,,,,K5,0.73,-0.77,4.64,,,,,
4265,1,6,0,0,4.64489,0.0491,1.6,4.13,3.75,,,,K5,0.73,-0.77,4.64,,,,,
4292,1,5,0,0,26.44,0.1683,4.07,12.15,0.98,0.0033,,,,0.91,,,,,,,
4293,1,5,0,0,51.54,0.2626,5.34,13.9,0.494,0.007,,,,0.91,,,,,,,
4358,1,2,0,0,114.73635,0.481,13.49,324.2,0.729,0.036,,478.0,,1.1,,3.96,,,,,
4359,1,2,0,0,191.2318,0.676,6.14,6.4,0.152,0.039,,403.0,,1.1,,3.96,,,,,
4392,1,3,0,0,19.23891,0.143,8.29,43.4,0.42,0.0609,,,,1.02,-0.038,4.49,,,,,
4393,1,3,0,0,38.9853,0.227,8.08,29.9,0.31,0.06691,,,,1.02,-0.038,4.49,,,,,
4407,1,1,0,0,6.24658,0.0731,15.323,257.4423,0.4,,,2040.0,,1.31,,2.95,,,,,
4446,1,2,0,0,2.50806,,3.51,10.84,1.45,,,,,0.81,,4.59,,,,,
4458,1,1,0,0,11.5231,,3.42,13.0,1.71,,,,,1.08,,4.17,,,,,
4470,1,1,0,0,16.2385,,2.67,8.46,2.26,,,,,1.0,,4.42,,,,,
4484,1,2,0,0,2.58664,,1.48,3.51,5.44,,,,,0.94,,4.43,,,,,
4496,1,1,0,0,1.54168,,1.99,3.55,2.18,,,,,0.99,,4.34,,,,,
4507,2,1,0,0,4.60358,,1.48,6.15,10.9,,,,,0.79,,4.61,,,,,
4519,1,1,0,0,1.4015,0.02091,1.39,4.6,9.6,0.21,,965.0,M1 V,0.62,-1.172,4.04,,,,,
4520,1,4,0,0,2.2531136,0.02191,0.85,0.4,3.6,0.103,24.7,627.0,M3 V,0.27,-1.948,4.86,Terrestrial,L 98-59 b is a terrestrial exoplanet that orbits an M-type star. Its mass is 0.4 EarthsCOMMA it takes 2.3 days to complete one orbit of its starCOMMA and is 0.02191 AU from its star. Its discovery was announced in 2019.,L 98-59 b is a terrestrial exoplanet that orbits an M-type star. Its mass is 0.4 EarthsCOMMA it takes 2.3 days to complete one orbit of its starCOMMA and is 0.02191 AU from its star. Its discovery was announced in 2019.,/exoplanet-catalog/7411/l-98-59-b/,A rocky world outside our solar system
4521,1,4,0,0,3.6906777,0.0304,1.385,2.22,4.57,0.103,12.8,553.0,M3 V,0.27,-1.948,4.86,,,,,
4522,1,4,0,0,7.4507245,0.0486,1.521,1.94,2.95,0.074,5.01,416.0,M3 V,0.27,-1.948,4.86,,,,,
4524,1,2,0,0,24.73694,0.0957,1.635,6.38,8.04,0.096,,379.0,,0.19,-2.488,,,,,,
4525,1,2,0,0,3.77792,0.02734,1.169,1.76,6.07,0.274,,709.0,,0.19,-2.488,,,,,,
4526,1,1,0,0,1.9495378,0.01848,1.242,2.33,6.67,,,595.0,m3 V,0.24,-2.146,4.87,,,,,
4527,2,2,0,0,0.8602322,0.01251,0.696,0.35,6.0,0.25,93.2,,M2.0 V,0.34,-1.839,,Terrestrial,LHS 1678 b is a terrestrial exoplanet that orbits an M-type star. Its mass is 0.35 EarthsCOMMA it takes 0.9 days to complete one orbit of its starCOMMA and is 0.01251 AU from its star. Its discovery was announced in 2021.,LHS 1678 b is a terrestrial exoplanet that orbits an M-type star. Its mass is 0.35 EarthsCOMMA it takes 0.9 days to complete one orbit of its starCOMMA and is 0.01251 AU from its star. Its discovery was announced in 2021.,/exoplanet-catalog/8026/lhs-1678-b/,A rocky world outside our solar system
4528,2,2,0,0,3.694247,0.0331,0.982,1.4,10.6,0.22,13.5,,M2.0 V,0.34,-1.839,,,,,,
4531,1,1,0,0,4.052037,0.0417,4.7,30.8,1.7,0.04,,700.0,M0.0 V,0.59,-1.125,4.64,,,,,
4537,3,2,0,0,5.3587657,0.03813,1.305,2.87,7.1,0.11,5.4,424.0,,0.26,,,,,,,
4538,3,2,0,0,3.1239035,0.02661,1.147,1.54,5.57,0.223,10.9,508.0,,0.26,,,,,,,
4539,2,2,0,0,0.768448,0.01211,1.332,2.62,6.1,0.0,106.0,892.0,M4 V,0.4,,4.9,,,,,
4540,2,2,0,0,12.2519,0.07673,2.3,8.6,3.9,0.06,2.63,353.0,M4 V,0.4,,4.9,,,,,
4541,1,1,0,0,0.792052,0.01679,4.72,29.32,1.536,0.0,,1978.0,G7 V,0.77,-0.149,4.35,,,,,
4544,1,1,0,0,3.91405,0.0464,9.976,257.431,1.4,0.0,,,,0.87,,,,,,,
4545,1,1,0,0,2.14878,0.043,16.814,1175.971,1.5,0.0,,2570.0,A8,1.72,1.176,4.0,,,,,
4579,1,1,0,0,2.647298,0.0326,14.908,258.07796,0.42,0.016,65.3,790.0,M0.5,0.62,,4.71,,,,,
4580,1,1,0,0,0.7668944,0.0143,13.507,687.14846,1.43,0.0,,1332.0,K5 V,0.7,,4.59,,,,,
4581,1,1,0,0,35.45533,0.201,9.158,109.33352,0.78,0.13,,435.0,K,0.86,,4.5,,,,,
4582,1,1,0,0,7.532806,0.0757,11.747,66.10864,0.223,0.0,416.0,1257.0,G,1.02,,4.04,,,,,
4583,1,1,0,0,4.119027,0.0549,12.801,1538.2972,4.02,0.086,1096.0,1605.0,,1.3,0.517,4.04,,,,,
4584,2,1,0,0,3.5357173,0.0403,4.977,29.24036,1.395,0.0,,1143.0,K1 V,0.9,,4.2,,,,,
4585,1,1,0,0,3.27623,0.0441,12.33,238.68913,0.74,0.0,425.0,1146.0,G6 V,0.99,,4.4,,,,,
4586,1,1,0,0,4.84532,0.0523,14.572,211.99155,0.38,0.0,480.0,1177.0,G7 V,1.0,,4.35,,,,,
4587,1,1,0,0,3.24253,0.0391,13.899,242.8209,0.5,0.0,1160.0,1457.0,G4 V,1.02,,4.0,,,,,
4588,1,1,0,0,3.05125,0.0448,13.563,129.99182,0.28,0.0,845.0,1381.0,G5 V,1.0,,4.16,,,,,
4589,1,1,0,0,4.511164,0.063,17.878,235.1942,0.226,0.0,,1468.0,F5 V,1.64,,4.2,,,,,
4591,1,1,0,0,1.5433897,0.0236,14.908,750.07504,1.25,0.0,,1357.0,K3 V,0.72,,4.63,,,,,
4592,2,1,0,0,1.6753728,0.023,16.589,756.4354,0.31,,,,G6 V,1.02,,,,,,,
4593,1,1,0,0,1.3373508,0.019,3.18,20.6,3.45,0.0,,1650.0,,0.75,,4.5,,,,,
4595,1,1,0,0,0.882059,0.01677,14.863,425.57437,0.711,0.0,,1284.0,,0.77,-0.592,4.7,,,,,
4596,1,1,0,0,2.4997,0.035,12.218,295.5819,0.89,0.01,503.0,1345.0,K0 V,0.89,,4.41,,,,,
4597,1,1,0,0,4.43527,0.058,11.994,921.707,2.93,0.06,729.0,1448.0,F8 V,1.34,,4.37,,,,,
4679,1,1,0,0,3.101278,0.0434,14.011,197.046,0.4,,,,,1.14,0.188,,,,,,
4681,1,1,0,0,1.4324752,0.02289,12.251,400.449,1.2,,,,,0.78,-0.529,,,,,,
4682,1,1,0,0,1.689868,0.03035,13.45,375.02,0.85,,,2013.0,,1.3,0.371,4.31,,,,,
4685,1,1,0,0,1.2119189,0.02383,15.278,441.77,0.68,,,2212.0,,,0.35,,,,,,
4698,1,1,0,0,0.09070629,0.0044,,382.8,23.0,0.06,,,,1.4,,,,,,,
4699,1,1,0,0,0.322964,0.0102,,,1.84,0.0017,,,,1.4,,,,,,,
4704,1,1,0,0,1.4200242,0.02332,12.812,411.27202,1.076,0.0,,1418.0,,0.84,-0.438,4.55,,,,,
4705,1,1,0,0,1.645321,0.0286,17.295,233.92288,0.248,0.0,,1955.0,F7 V,1.16,0.3,4.3,,,,,
4706,1,1,0,0,1.33711647,0.02153,14.056,792.635,1.573,0.0,,1344.0,,0.74,,4.53,,,,,
4707,1,1,0,0,2.5079204,0.03783,12.285,1369.8473,4.0,0.0,1330.0,1681.0,G0 V,1.15,0.279,4.29,,,,,
4708,1,1,0,0,1.8053564,0.02803,12.722,1938.763,5.1,0.0,614.0,1385.0,K1 V,0.9,-0.318,4.53,,,,,
4709,1,1,0,0,2.8792319,0.04127,12.408,1373.0256,3.95,0.0,669.0,1415.0,G2 V,1.13,0.056,4.43,,,,,
4711,1,1,0,0,2.032046,0.0352,19.055,597.5204,0.502,0.0,,2053.0,F4 V,1.41,0.563,4.2,,,,,
4712,1,1,0,0,3.71495,0.0474,14.404,117.91493,0.216,0.0,,1457.0,G0 V,1.03,0.228,4.21,,,,,
4713,1,1,0,0,1.540731,0.0234,11.31,378.2177,1.43,0.0,,1134.0,K5 V,0.72,-0.821,4.61,,,,,
4725,2,1,0,1,200.452,0.90281,11.25,942.0,3.64,0.0271,,,F9,1.24,,4.25,,,,,
4726,1,1,0,0,15.168865,0.1207,12.52,617.22586,1.847,0.575,,974.0,G3,1.03,0.078,4.38,,,,,
4727,1,1,0,0,3.660028,0.051,16.701,212.94503,0.25,0.03,,1762.0,,1.32,0.61,,,,,,
4728,1,2,0,0,4.11296,0.052,2.265,10.15,4.85,0.177,232.0,1077.0,G9 V,0.94,,4.55,,,,,
4730,1,2,0,0,6.443868,0.06152,2.587,13.5,4.30062,0.047,62.9,784.0,,0.75,-0.623,4.6,,,,,
4731,1,2,0,0,12.226574,0.09429,2.651,2.5,0.77191,0.088,26.8,634.0,,0.75,-0.623,4.6,,,,,
4733,1,1,0,0,4.0782387,0.0561,14.572,1064.72516,1.89,0.025,532.0,1728.0,F6 V,1.35,0.671,4.05,,,,,
4735,1,2,0,0,8.350381,0.07098,16.814,309.56642,0.38,0.047,,637.0,K7,0.68,-0.854,4.6,,,,,
4737,2,1,0,0,2.4919863,0.0287,2.415,6.28,2.45,0.0,40.6,703.0,M2.0 V,0.51,-1.469,4.8,,,,,
4740,1,1,0,0,24.245586,0.1288,3.65,15.4,1.74,0.087,1.93,330.0,M3 V,0.48,-1.487,4.77,,,,,
4741,1,1,0,0,3.444717,0.03826,1.694,5.9,6.7,,60.3,775.0,M0.5 V,0.63,-1.054,4.64,,,,,
4742,1,4,0,0,4.30744,0.049,3.01,8.1,1.63,,196.0,955.0,K V,0.87,,4.4,,,,,
4743,1,4,0,0,5.904144,0.061,2.51,8.8,3.21,,129.0,860.0,K V,0.87,,4.4,,,,,
4744,1,4,0,0,18.6559,0.131,3.51,5.3,0.7,,28.0,586.0,K V,0.87,,4.4,,,,,
4745,1,4,0,0,37.9216,0.211,3.78,14.8,1.51,,11.0,462.0,K V,0.87,,4.4,,,,,
4746,1,3,0,0,4.65382,0.05186,2.726,9.5,2.57,0.194,185.0,1037.0,K0 V,0.86,-0.285,4.52,,,,,
4747,1,3,0,0,9.15059,0.0814,2.759,6.63,1.73,0.066,77.59,828.0,K0 V,0.86,-0.285,4.52,,,,,
4748,1,3,0,0,19.98,0.137,2.93,13.6,2.98,0.168,26.7,638.0,K0 V,0.86,-0.285,4.52,,,,,
4749,2,1,0,0,3.477978,0.0407,11.456,140.16233,0.513,0.0,,963.0,,0.74,,4.61,,,,,
4750,1,2,0,0,3.12748,0.0366,2.34,8.6,3.69,0.0,91.0,860.0,K6 V,0.66,-0.857,4.57,,,,,
4751,1,2,0,0,7.49325,0.0656,2.82,11.8,2.87,0.0,28.4,643.0,K6 V,0.66,-0.857,4.57,,,,,
4754,1,1,0,0,8.1577094,0.0711,9.1,96.4,0.71,0.105,,919.0,K1-K2,0.96,,4.55,,,,,
4755,1,2,0,0,3.31599,0.0412,4.14,24.6,1.9,0.338,,961.0,,0.85,,4.55,,,,,
4757,1,1,0,0,14.47567,0.095,12.218,5879.82553,18.0,0.013,,,M0 V,0.54,-1.212,4.68,,,,,
4758,1,1,0,0,3.9443715,0.0497,13.798,94.71287,0.198,0.055,,1562.0,,1.17,0.39,4.05,,,,,
4759,1,1,0,0,4.537164,0.059,9.427,113.14691,0.743,0.032,,1388.0,,1.44,0.334,4.39,,,,,
4760,1,1,0,0,2.1097019,0.026,3.42,22.4,3.08,0.059,860.0,1395.0,G8 V,0.97,-0.222,4.48,,,,,
4761,2,1,0,0,4.720219,0.0626,15.648,753.2571,1.08,0.073,,1679.0,,1.46,0.713,4.03,,,,,
4762,2,1,0,1,95.174,0.4607,6.85,33.0,0.56,0.088,,,,1.13,,4.0,,,,,
4764,1,1,0,0,12.9972,0.108,3.96,9.0,0.795,0.04,,867.0,G2 V,0.98,0.048,4.41,,,,,
4765,1,1,0,0,2.650237,0.046,16.701,991.62463,1.17,0.0022,5300.0,2370.0,Am C,1.9,1.068,4.15,,,,,
4769,2,1,0,0,11.06201,0.061,1.672,4.82,5.6,0.0,1.8,326.0,M4 &#177 0.5 V,0.25,-2.155,4.95,,,,,
4770,1,1,0,0,10.180249,0.0903,11.882,270.47333,0.88,0.024,,918.0,,0.95,-0.013,4.37,,,,,
4771,1,1,0,0,5.857487,0.07037,14.067,797.7533,1.68,0.262,,1404.0,F,1.35,0.497,4.13,,,,,
4774,1,1,0,0,2.0845435,0.03138,14.415,375.0394,0.686,0.0,1062.0,1588.0,G9 IV,0.95,0.02,4.28,,,,,
4775,1,1,0,0,5.331751,0.06864,13.888,314.6517,0.64,0.036,,1619.0,,1.52,0.732,3.94,,,,,
4776,1,1,0,0,4.231306,0.058,16.69,387.7526,0.49,0.0,,1669.0,F,1.44,0.636,4.19,,,,,
4777,2,1,0,0,0.989343,0.01545,1.79,4.91,4.7,0.16,121.0,924.0,M2,0.5,-1.539,4.83,,,,,
4778,1,2,0,0,10.98462,0.103,2.06,41.31769,8.6,0.59,,1062.0,F7 V,1.21,,4.29,,,,,
4779,1,2,0,0,40.74976,0.249,11.063,200.2319,0.81,0.09,,684.0,F7 V,1.21,,4.29,,,,,
4780,1,1,0,0,0.6691403,,1.7,3.78,4.21,,217.0,1069.0,M3.0 V,0.49,-1.519,4.85,,,,,
4781,1,1,0,0,2.2554477,0.03524,12.173,251.40353,0.76,0.0,1443.0,1715.0,G1 V,1.15,0.253,4.28,,,,,
4784,1,1,0,0,24.283429,0.16,5.34,28.3,0.94,0.16,,,G5 V,0.98,,4.46,,,,,
4785,1,1,0,0,9.47725,0.0914,10.817,1722.6386,7.53,0.3806,299.0,1198.0,,1.13,0.461,3.99,,,,,
4786,1,1,0,0,3.49151,0.0391,5.05,26.78,1.14,0.057,57.78,767.0,M0,0.65,-1.056,4.66,,,,,
4790,1,1,0,0,18.85019,0.1177,3.14,10.8,1.91,0.0,6.39,443.0,M0.0 V,0.61,-1.057,4.65,,,,,
4791,1,6,0,0,1.914558,0.02607,1.152,1.5,5.4,,,1040.0,K,0.65,-0.879,4.45,,,,,
4792,1,6,0,0,3.23845,0.037,1.669,4.77,5.62,,,873.0,K,0.65,-0.879,4.45,,,,,
4793,1,6,0,0,6.5577,0.0592,2.572,3.01,0.976,,,690.0,K,0.65,-0.879,4.45,,,,,
4794,1,6,0,0,9.961881,0.0783,2.207,3.86,1.98,,,600.0,K,0.65,-0.879,4.45,,,,,
4795,1,6,0,0,15.231915,0.1039,2.287,7.72,3.6,,,521.0,K,0.65,-0.879,4.45,,,,,
4796,1,6,0,0,20.7095,0.1275,2.87,3.94,0.915,,,470.0,K,0.65,-0.879,4.45,,,,,
4797,1,1,0,0,3.208664,0.04882,16.141,222.47988,0.28,,2300.0,1927.0,F,1.51,0.736,3.94,,,,,
4799,1,1,0,0,4.860674,0.061,12.778,731.00534,2.0,0.043,,1375.0,,1.04,,4.24,,,,,
4800,1,1,0,0,9.5739,0.1001,11.657,68.01528,0.252,,,,,1.46,0.74,4.1,,,,,
4802,1,1,0,0,29.02,0.1587,12.89,209.7678,0.54,0.118,2.9,362.0,M0,0.63,,4.67,,,,,
4804,1,1,0,0,8.872078,0.092,12.52,1398.44499,3.9,0.41,,1167.0,,1.32,,4.17,,,,,
4813,1,1,0,0,7.851928,0.057,2.19,6.37,3.34,0.0,4.0,395.0,M4.5 V,0.34,-1.886,4.91,,,,,
4814,1,1,0,0,8.60077,0.075,10.761,260.61929,1.14,0.07,,1188.0,,1.12,,4.19,,,,,
4817,1,1,0,0,260.79,0.828,11.321,875.61726,3.32,0.3683,2.71,348.0,G5,1.11,0.406,4.06,,,,,
4818,1,1,0,0,6.90683,,11.4,206.58846,0.76,0.08,1429.0,,,1.53,,3.7,,,,,
4819,2,1,0,0,2.1225735,0.03319,19.84,298.7587,0.06,0.0,1600.0,1763.0,,1.08,0.25,4.28,,,,,
4820,1,1,0,0,1.1947268,0.02234,3.51,26.0,3.31,0.0,2000.0,1860.0,G V,1.03,-0.004,4.42,,,,,
4821,1,1,0,0,10.695264,0.08911,3.03,13.8,2.73,0.032,,805.0,K0 V,0.82,,4.37,,,,,
4824,1,1,0,0,8.001968,0.0854,11.153,203.41018,0.8,0.174,406.0,1259.0,,1.3,0.484,4.16,,,,,
4825,1,1,0,0,3.5315902,0.05009,14.37,502.16888,0.93,0.0,1356.0,1688.0,,1.34,0.533,4.17,,,,,
4833,1,1,0,0,4.3474032,0.0543,10.368,105.83686,0.52,0.0,923.6,1534.0,,1.13,0.436,4.0,,,,,
4838,1,1,0,0,5.983944,0.0672,10.929,63.88351,0.269,0.0,558.0,1352.0,,1.13,0.405,4.04,,,,,
4839,1,1,0,0,18.38818,0.1528,7.163,43.86032,0.65,0.0,186.0,1027.0,,1.41,0.636,4.04,,,,,
4840,1,1,0,0,2.9887615,0.04145,13.641,260.61929,0.563,0.0,699.0,1431.0,,1.06,0.079,4.38,,,,,
4842,1,1,0,0,3.6977104,0.0345,2.77,8.8,2.28,0.425,19.0,531.0,M2 V,0.39,,4.83,,,,,
4843,1,3,0,0,3.3601538,0.03197,1.206,1.58,4.97,0.034,,581.0,M,0.39,-1.712,4.87,,,,,
4844,1,3,0,0,5.6605731,0.04526,2.355,6.15,2.6,0.027,,488.0,M,0.39,-1.712,4.87,,,,,
4845,1,3,0,0,11.379573,0.0721,2.133,4.78,2.72,0.032,,387.0,M,0.39,-1.712,4.87,,,,,
4846,2,1,0,0,2.0180231,0.03144,12.98,721.47048,1.82,0.0,818.5,1488.0,,1.02,-0.093,4.49,,,,,
4848,2,1,0,0,3.119999,0.04289,23.539,375.03752,0.065,0.0,841.3,1498.0,,1.08,0.19,4.29,,,,,
4849,1,1,0,0,3.936551,0.043,8.295,82.63539,0.8,0.05,39.0,690.0,M1,0.63,,4.67,,,,,
4850,1,1,0,0,9.088516,0.0813,12.599,324.18498,0.89,0.0,68.6,801.0,,0.87,-0.344,4.58,,,,,
4851,2,1,0,0,2.154849,0.027,11.321,222.47988,0.85,0.03,54.0,750.0,M2,0.53,,4.75,,,,,
4852,1,1,0,0,3.438753,0.03845,12.0,85.3,0.27,0.14,55.4,759.0,M0 V,0.64,-1.06,4.68,,,,,
4853,1,1,0,0,4.5445697,0.0354,6.0,16.5,0.424,0.32,7.42,463.0,M4,0.28,-2.032,4.92,,,,,
4856,1,1,0,0,3.8016122,0.05222,13.574,457.67291,1.01,0.0,1013.0,1570.0,,1.31,0.439,4.24,,,,,
4857,2,2,0,0,5.19672,0.056,2.68,7.17,2.05,0.163,154.57,981.0,G9 V,0.85,,4.49,,,,,
4858,2,2,0,0,16.06819,0.1189,5.09,16.42,0.685,0.152,34.32,674.0,G9 V,0.85,,4.49,,,,,
4859,1,3,0,0,0.490047,0.0113,1.28,3.07,8.0,0.0,,1862.0,,0.78,,4.6,,,,,
4861,1,3,0,0,12.46103,0.098,3.29,9.9,1.36,0.0,,633.0,,0.78,,4.6,,,,,
4868,1,4,0,0,0.548177,0.01189,1.166,1.42,4.89,0.063,1138.0,1617.0,K6 V,0.74,,4.62,,,,,
4876,1,1,0,0,6.387597,0.052,9.303,127.13136,0.93,0.0,,565.0,M0.5 V,0.53,-1.31,4.7,,,,,
4877,1,1,0,0,2.3266508,0.0296,5.82,61.5,1.72,0.0,94.1,867.0,,0.64,-1.095,4.67,,,,,
4881,1,1,0,0,75.12375,0.332,11.31,419.5335,1.6,0.018,9.6,441.0,G3 V,0.89,1.057,4.2,,,,,
4882,1,1,0,0,14.574071,0.1291,12.173,1147.36055,3.5,0.298,,1061.0,F V,1.35,0.547,4.22,,,,,
4883,1,1,0,0,6.9839095,0.0723,12.229,1910.14873,5.74,0.151,,1180.0,G V,1.03,0.227,4.27,,,,,
4884,1,5,0,0,0.446578,0.01055,1.423,1.59,3.0,0.0,,,G9 V,0.79,,4.47,,,,,
4885,1,5,0,0,10.779,0.08809,2.878,5.4,1.3,0.06,,,G9 V,0.79,,4.47,,,,,
4886,1,5,0,0,25.62,0.1569,2.53,11.95,4.1,0.051,,,G9 V,0.79,,4.47,,,,,
4887,1,5,0,0,77.23,0.3274,2.67,16.0,4.6,0.061,,,G9 V,0.79,,4.47,,,,,
4888,1,5,0,0,16.287,0.1174,2.32,3.0,1.3,0.0,,750.0,,0.81,-0.282,4.5,,,,,
4889,1,1,0,0,1.651144,0.02734,11.433,464.98529,1.7,0.072,1423.0,1714.0,,1.0,0.033,4.36,,,,,
4891,1,1,0,0,3.4095675,0.0486,11.882,2011.8639,6.58,0.072,,1586.0,,1.31,0.394,4.3,,,,,
4892,1,1,0,0,5.0037775,0.06608,19.851,279.6904,0.195,0.05,,1749.0,,1.54,0.834,3.99,,,,,
4893,1,1,0,0,1.977143,0.025,5.25,23.6,0.91,0.0,38.4,635.0,M2 V,0.42,-1.614,4.81,,,,,
4901,1,2,0,0,5.6057,0.06,2.28,9.79,4.51,0.04,,1038.0,G,0.92,,4.45,,,,,
4902,1,2,0,0,12.2737,0.1011,2.63,9.32,2.82,0.04,,800.0,G,0.92,,4.45,,,,,
4903,1,2,0,0,8.24661,0.0652,1.85,4.0,3.4,0.06,11.5,514.0,M1 V,0.54,-1.31,4.73,,,,,
4904,1,2,0,0,15.6653,0.1,2.02,5.3,3.5,0.04,4.9,415.0,M1 V,0.54,-1.31,4.73,,,,,
4906,1,1,0,0,1.392978,0.02177,2.926,18.467,4.03,,412.0,1253.0,K4 V,0.71,-0.71,4.61,,,,,
4909,1,1,0,0,0.76552414,0.01598,3.444,39.09,5.2,0.0,,,G,0.93,,4.48,,,,,
4911,1,1,0,0,3.739494,0.04666,13.126,211.99261,0.515,0.024,337.0,1192.0,,0.97,-0.137,4.5,,,,,
4914,1,1,0,0,3.6849729,0.04963,9.55,55.30242,0.35,0.14,1393.0,1526.0,,1.2,0.535,3.96,,,,,
4915,1,2,0,0,1.8237305,0.02636,2.765,9.1,2.34,,188.0,941.0,K V,0.73,,4.55,,,,,
4917,1,7,0,0,1.510826,0.01154,1.116,1.374,5.44194,,4.15,,,0.09,-3.257,5.24,,,,,
4918,1,7,0,0,2.421937,0.0158,1.097,1.308,5.46399,,2.21,,,0.09,-3.257,5.24,,,,,
4919,1,7,0,0,4.049219,0.02227,0.788,0.388,4.36678,,1.11,,,0.09,-3.257,5.24,Terrestrial,The third planet from its star is illustrated here with a narrow band of water between the hot day side and icy night side of the planet.,The third planet from its star is illustrated here with a narrow band of water between the hot day side and icy night side of the planet.,/exoplanet-catalog/5502/trappist-1-d/,A rocky world outside our solar system
4920,1,7,0,0,6.101013,0.02925,0.92,0.692,4.9016,,0.65,,,0.09,-3.257,5.24,Terrestrial,TRAPPIST-1 e is a terrestrial exoplanet that orbits an M-type star. Its mass is 0.692 EarthsCOMMA it takes 6.1 days to complete one orbit of its starCOMMA and is 0.02925 AU from its star. Its discovery was announced in 2017.,TRAPPIST-1 e is a terrestrial exoplanet that orbits an M-type star. Its mass is 0.692 EarthsCOMMA it takes 6.1 days to complete one orbit of its starCOMMA and is 0.02925 AU from its star. Its discovery was announced in 2017.,/exoplanet-catalog/3453/trappist-1-e/,A rocky world outside our solar system
4921,1,7,0,0,9.20754,0.03849,1.045,1.039,5.0229,,0.37,,,0.09,-3.257,5.24,,,,,
4922,1,7,0,0,12.352446,0.04683,1.129,1.321,5.05599,,0.25,,,0.09,-3.257,5.24,,,,,
4923,1,7,0,0,18.772866,0.06189,0.755,0.326,4.16278,,0.14,,,0.09,-3.257,5.24,Terrestrial,TRAPPIST-1 h is a terrestrial exoplanet that orbits an M-type star. Its mass is 0.326 EarthsCOMMA it takes 18.8 days to complete one orbit of its starCOMMA and is 0.06189 AU from its star. Its discovery was announced in 2017.,TRAPPIST-1 h is a terrestrial exoplanet that orbits an M-type star. Its mass is 0.326 EarthsCOMMA it takes 18.8 days to complete one orbit of its starCOMMA and is 0.06189 AU from its star. Its discovery was announced in 2017.,/exoplanet-catalog/3459/trappist-1-h/,A rocky world outside our solar system
4937,1,1,0,0,1.30618581,0.02282,14.975,607.03,0.994,0.0,,,,0.93,-0.204,4.4,,,,,
4939,1,1,0,0,1.48224686,0.02459,13.384,568.9157,1.31,,,1480.0,,0.9,,4.52,,,,,
4953,2,1,0,0,2.5199454,0.03889,16.623,271.415,0.348,0.0,,,,1.24,0.441,,,,,,
4954,1,1,0,0,3.0927616,0.03781,12.106,1001.12,4.14,,,1370.0,,0.75,,,,,,,
4957,1,1,0,0,0.925542,0.01985,17.127,473.547,0.55,,,2508.0,F8 V,1.22,0.413,4.22,,,,,
4958,2,1,0,0,1.7554137,0.02918,12.745,404.263,1.074,0.0,,1516.0,G8,1.08,,4.5,,,,,
4959,1,1,0,0,7.87288,0.075,10.761,572.094,2.65,0.0,,900.0,K2,0.89,,4.2,,,,,
4961,1,2,0,0,5.7214742,,,30.5,0.134,0.06,,,,0.68,-0.879,4.63,,,,,
4965,1,1,0,0,4.54216875,0.05885,15.793,150.96925,0.228,0.0,,1496.0,G1,1.32,,4.2,,,,,
4966,2,1,0,0,1.5487743,0.02851,15.009,562.24127,0.97,0.012,,2043.0,G0,1.29,,4.3,,,,,
4968,1,1,0,0,4.0460435,0.05453,16.141,163.36462,0.233,0.0,,1729.0,F6,1.32,,4.1,,,,,
4969,1,1,0,0,2.49979,0.0363,15.693,390.9309,0.7,0.058,,1600.0,G5,1.02,,4.26,,,,,
4970,3,1,0,0,1.09142,0.0232,21.712,465.62095,0.267,,,2593.0,,1.43,,,,,,,
4971,1,1,0,0,3.6112706,0.0514,16.511,1541.4755,2.0,0.057,,1880.0,F5,1.39,,4.04,,,,,
4972,1,1,0,0,1.27492504,0.02596,19.649,367.72747,0.266,0.0,,,,1.36,,,,,,,
4973,2,1,0,0,2.9776412,0.04263,14.773,285.72917,0.521,0.0,,1520.0,G5,1.17,,4.29,,,,,
4974,1,1,0,0,3.37265,0.0449,13.899,190.698,0.43,0.017,,1400.0,F9,1.07,,4.44,,,,,
4977,2,1,0,0,4.17806203,0.0484,14.695,52.3466,0.097,0.0,,,,0.95,,,,,,,
4978,2,1,0,0,5.748145,0.0628,10.424,317.83,1.6,0.096,,1100.0,G1,1.0,,4.53,,,,,
4980,1,1,0,0,11.55098,0.1012,9.976,390.9309,2.34,0.0,,833.0,G6,1.04,,4.49,,,,,
4981,1,1,0,0,5.322023,0.0607,13.675,85.8141,0.2,0.0,,1460.0,G0,1.06,,4.09,,,,,
4984,1,1,0,0,2.176423,0.0345,13.563,368.6828,0.88,0.17,,1790.0,G4,1.16,,4.18,,,,,
4985,1,1,0,0,1.4013794,0.0243,14.572,603.877,1.16,0.0,,,G5 V,0.98,,4.47,,,,,
4986,1,1,0,0,5.215357,0.0661,15.468,479.9233,0.773,,,1742.0,,1.41,,3.9,,,,,
4987,1,1,0,0,3.634433,0.0494,12.218,387.7526,1.2,,,1590.0,,1.22,,4.25,,,,,
4988,2,1,0,0,5.924262,0.062,8.967,37.18611,0.31,0.0,,910.0,K0,0.92,,4.59,,,,,
4990,2,1,0,0,2.2359835,0.0323,16.141,775.5052,1.1,0.047,,1320.0,K0,0.9,,4.51,,,,,
4991,1,1,0,0,3.310651,0.0469,13.563,854.9627,1.98,0.0,,1540.0,F9,1.25,,4.26,,,,,
4992,1,1,0,0,2.052868,0.0347,17.15,266.9772,0.31,0.0,,2000.0,F8,1.33,,4.13,,,,,
4993,1,1,0,0,2.2783152,0.0316,9.528,139.8452,0.95,0.0,,1260.0,K2 V,0.81,,4.53,,,,,
4994,2,1,0,0,1.7690381,0.0261,10.088,282.8687,1.6,0.0,,1200.0,K2 V,0.76,,4.65,,,,,
4995,1,1,0,0,4.60273,0.0549,12.498,87.40325,0.263,0.0,,1404.0,G4,1.04,,,,,,,
4996,1,2,0,0,8.803809,0.08215,8.474,91.21675,0.831,0.208,,,,0.95,-0.139,4.5,,,,,
4999,1,1,0,0,5.644207,0.0694,11.994,2688.8418,8.54,0.3775,,1460.0,F8,1.39,,4.15,,,,,
5000,1,1,0,0,4.5334775,0.055,13.305,100.43378,0.25065,0.0,,1312.0,,1.08,,,,,,,
5001,1,1,0,0,3.332609,0.048,17.374,123.9537,0.15,0.009,1400.0,1700.0,G0,1.34,,4.1,,,,,
5002,1,1,0,0,3.836169,0.0453,5.717,40.68224,1.3,0.007,150.0,970.0,K3,0.84,,4.6,,,,,
5004,1,1,0,0,3.656333,0.0517,11.994,886.7457,3.1,0.0,,1590.0,F6 V,1.38,,4.3,,,,,
5005,1,1,0,0,3.840401,0.0538,15.468,174.8065,0.28,0.0,,1850.0,F9,1.41,,3.94,,,,,
5007,2,1,0,0,3.7684952,0.0452,12.218,88.35674,0.284,0.0,,1119.0,K0 V,0.87,,,,,,,
5008,1,1,0,0,5.4060425,0.0673,12.812,791.3967,2.2,,990.0,1557.0,,1.39,0.647,4.11,,,,,
5009,1,1,0,0,9.62468,0.0871,11.209,1652.716,6.9,0.434,,910.0,K0,0.95,,4.33,,,,,
5010,1,1,0,0,1.6096884,0.0266,13.473,594.3421,1.42,,1200.0,1638.0,,0.97,-0.076,4.41,,,,,
5011,1,1,0,0,1.7771255,0.02818,12.644,676.9779,1.96,0.0,,1610.0,G2 V,0.95,,,,,,,
5012,1,1,0,0,3.465509,0.04823,14.123,209.13214,0.44,0.0,,1624.0,G6,1.25,,,,,,,
5013,1,1,0,0,5.44354,0.0641,7.062,32.10083,0.54,0.0,440.0,1270.0,F9 V,1.19,,4.34,,,,,
5015,2,1,0,0,4.153658,0.0519,16.814,133.4886,0.16,0.0,,1340.0,F9 V,1.08,,4.37,,,,,
5016,1,1,0,0,5.6114118,0.0681,14.617,178.30263,0.33,0.0,,1604.0,F8,1.34,,3.96,,,,,
5018,1,1,0,0,2.34478022,0.0337,12.285,508.528,1.6,,680.0,1422.0,,0.93,-0.114,4.47,,,,,
5019,1,1,0,0,3.8186244,0.0504,10.985,344.52772,1.5,0.0,,1642.0,G0,1.17,,4.08,,,,,
5020,1,1,0,0,5.477433,0.0694,17.598,149.3801,0.16,0.0,,1740.0,F1 V,1.49,,4.05,,,,,
5021,2,1,0,0,1.38665318,0.0248,13.451,1172.7927,2.84,0.0,,1880.0,G3,1.05,,4.37,,,,,
5022,1,1,0,0,4.2337005,0.05503,16.107,104.88337,0.135,0.0,901.9,1528.0,,1.24,0.436,4.27,,,,,
5023,1,1,0,0,3.0652907,0.04403,13.54,314.6517,0.74,0.0,,1571.0,F7,1.21,,4.36,,,,,
5024,1,1,0,0,3.899052,0.0535,16.87,271.74465,0.31,0.0,,1721.0,F9,1.34,,4.0,,,,,
5025,1,1,0,0,3.071722,0.03957,17.71,161.45764,0.172,,,1142.0,K2,0.88,,4.49,,,,,
5026,1,1,0,0,3.3448285,0.0558,20.288,527.5978,0.37,0.0,,2470.0,A1 IV-V,2.07,,4.31,,,,,
5027,2,2,0,0,0.94145223,0.02024,13.899,3241.84975,6.6,0.0051,5805.0,2429.0,,1.29,0.428,4.31,,,,,
5029,2,1,0,0,3.409264,0.048,13.899,286.047,0.61,0.0,,1540.0,F7 V,1.3,,4.42,,,,,
5030,1,1,0,0,4.5195064,0.05427,13.271,95.03117,0.237,,,1186.0,G2,1.04,,4.49,,,,,
5031,1,1,0,0,3.3769848,0.0451,9.528,47.03884,0.318,0.0,,1479.0,G5,1.08,,4.22,,,,,
5032,1,1,0,0,4.1117771,0.04632,16.477,159.55066,0.21,,,1111.0,G9,0.78,,4.45,,,,,
5033,1,1,0,0,5.1817,0.0627,14.908,181.1631,0.32,0.0,,1480.0,G0 V,1.23,,4.09,,,,,
5034,1,1,0,0,9.38755,0.0904,14.011,311.4734,0.66,0.24,,1160.0,G0 V,1.12,,4.13,,,,,
5035,1,1,0,0,5.026799,0.06,12.442,1341.2426,3.821,0.33,,,F,1.22,,4.19,,,,,
5036,1,1,0,0,5.147878,0.0653,18.383,254.264,0.224,0.0,,,F,1.54,,3.72,,,,,
5037,1,1,0,0,2.724033,0.05053,18.147,632.47853,0.62199,0.0,,3353.0,,2.03,,3.9,,,,,
5038,1,1,0,0,0.78883852,0.01652,15.861,366.77398,0.506,0.0126,3320.0,2113.0,,0.96,-0.043,4.42,,,,,
5040,1,1,0,0,2.8786765,0.0408,13.787,731.009,1.62,0.0,,1620.0,G0 V,1.09,,4.24,,,,,
5041,2,1,0,0,2.152175,0.03144,12.117,295.89973,0.914,,492.0,1311.0,,0.9,-0.313,4.51,,,,,
5042,2,1,0,0,4.8996284,0.06,16.388,98.841,0.132,0.0,,1379.0,F9,1.2,,4.23,,,,,
5043,1,1,0,0,4.322482,0.052,11.99,95.345,0.32,0.0,,,G3 V,,,,,,,,
5049,1,1,0,0,3.40883495,0.0442,13.664,282.54945,0.65116,0.0,,1456.0,,0.99,,,,,,,
5052,1,1,0,0,3.4059096,0.04659,17.363,151.916,0.172,0.0,,,,1.16,,,,,,,
5054,2,1,0,0,1.21987,0.0239,17.856,665.21819,0.689,,,2782.0,,1.5,,,,,,,
5057,2,1,0,0,1.53736596,0.02677,14.874,750.39663,1.26,,,1733.0,,1.08,,4.49,,,,,
5058,1,1,0,0,3.577469,0.0446,13.002,572.07,1.53,0.0,,,,0.93,-0.021,,,,,,
5060,1,1,0,0,4.055259,0.0486,14.235,88.989,0.186,0.0,,,,0.93,,,,,,,
5064,1,1,0,0,4.9816819,0.0561,12.576,167.49641,0.464,,,1021.0,,0.95,,4.51,,,,,
5065,1,1,0,0,0.813475,0.0142,10.424,565.714,2.939,0.0,,,,0.58,,,,,,,
5066,1,1,0,0,2.423804,0.03453,12.33,276.5121,0.811,,533.0,1337.0,G8 V,0.94,-0.198,4.49,,,,,
5067,2,1,0,0,3.126089,0.03963,10.604,306.38812,1.418,,294.0,1153.0,,0.85,-0.336,4.5,,,,,
5068,1,1,0,0,1.43036763,0.02335,13.159,607.0553,1.467,,,1636.0,G6 V,0.83,,4.49,,,,,
5069,1,4,0,0,4.1591492,,12.64,363.6,0.989,,,,,1.04,,4.34,,,,,
5071,1,4,0,0,9.03055,,3.567,14.2,1.72,0.01,,,,1.04,,4.34,,,,,
5072,1,4,0,0,0.7895933,,1.808,6.77,6.29,,,,,1.04,,4.34,,,,,
5075,1,1,0,0,1.6284279,0.0267,12.184,502.15,1.64,0.038,,1706.0,,0.96,,4.39,,,,,
5076,1,1,0,0,1.9551,0.0293,13.07,466.8287,1.325,,,1395.0,,0.89,,,,,,,
5077,1,1,0,0,1.7497798,0.0272,14.24,146.2,0.29,0.0,,1315.0,K2 V,0.87,,4.58,,,,,
5078,1,2,0,0,3.3098443,0.04101,12.038,677.61356,2.28,0.03,,1053.0,,0.84,-0.463,4.55,,,,,
5083,1,1,0,0,2.83891856,0.03769,11.769,204.68252,0.693,,,1338.0,,0.89,,4.45,,,,,
5085,1,1,0,0,7.919585,0.0697,8.687,274.276,2.4,0.1,,670.0,K5 V,0.72,,4.72,,,,,
5091,2,1,0,0,1.5732918,0.02648,14.247,403.945,0.823,0.0,,1689.0,G7,1.0,-0.022,4.39,,,,,
5092,1,1,0,0,2.3114243,0.0334,12.464,492.62,1.5,0.0,,1480.0,G6,0.93,,4.4,,,,,
5097,1,1,0,0,4.9546416,0.0617,14.908,305.1168,0.55,,,1487.0,,1.28,,4.23,,,,,
5098,2,1,0,0,3.7130203,0.04853,13.047,187.512,0.499,0.0,,1387.0,G4,1.11,,4.31,,,,,
5103,2,1,0,0,2.484193,0.0375,14.235,340.06,0.69,0.0,,1710.0,F9,1.14,,4.29,,,,,
5104,2,1,0,0,1.809886,0.033,20.512,292.4036,0.201,0.0,,2160.0,F7,1.46,,4.13,,,,,
5105,2,1,0,0,1.36002854,0.02335,13.787,529.81995,1.115,0.0074,1440.0,1715.0,,0.9,-0.129,4.48,,,,,
5110,1,1,0,0,3.06785234,0.0344,11.198,170.99254,0.717,0.002,,825.0,,0.58,,4.66,,,,,
5111,1,1,0,0,2.7164762,0.03908,16.018,231.69807,0.332,0.066,,1623.0,,1.08,0.246,4.26,,,,,
5113,1,1,0,0,4.971252,0.059,11.657,95.349,0.35,0.0,,1120.0,G8,1.11,,4.44,,,,,
5114,1,1,0,0,8.5234865,0.0771,10.559,220.565,1.104,0.0,,797.0,K0,0.84,,4.4,,,,,
5115,2,1,0,0,2.6556777,0.039,13.899,402.05495,0.88,0.0,,1452.0,G5 V,1.09,,,,,,,
5118,1,1,0,0,3.3564227,0.0427,11.657,1875.197,7.0,0.193,,1120.0,K3,0.92,,4.51,,,,,
5119,1,1,0,0,3.916243,0.0562,18.271,200.2329,0.193,0.0,,1840.0,F6,1.55,,4.03,,,,,
5120,1,1,0,0,2.798581,0.037,11.545,425.8922,1.59,0.0,,1160.0,K3,0.84,,4.3,,,,,
5121,1,1,0,0,2.1746742,0.0348,16.376,255.85315,0.346,0.0,,1871.0,F7,1.19,,4.26,,,,,
5122,1,1,0,0,2.7325321,0.04211,17.901,467.2101,0.479,0.0,,1942.0,F4,1.33,,4.2,,,,,
5126,1,1,0,0,3.4252602,0.0453,13.45,152.55,0.37,0.0,,1285.0,G8,1.06,,4.42,,,,,
5128,2,1,0,0,2.96264036,0.03762,12.823,293.03926,0.764,,,1171.0,,0.81,,4.61,,,,,
5133,1,1,0,0,3.352057,0.047,16.7,1274.44,1.61,0.1,,1500.0,F6 V,1.2,,4.4,,,,,
5134,1,1,0,0,1.0187068,0.01855,15.278,355.9696,0.54,0.0,,2000.0,K2 V,0.82,,4.6,,,,,
5135,1,1,0,0,2.663416,0.0282,11.561,188.15536,0.72,0.012,,2198.0,K7 V,0.65,,,,,,,
5136,1,1,0,0,1.7522239,0.0234,12.993,232.33373,0.62,0.057,,2470.0,K6 V,0.73,,,,,,,
5140,1,1,0,0,6.00127,0.05706,2.043,6.26,2.92,0.41,,790.0,K3.5 V,0.69,-0.676,4.62,,,,,
5142,2,3,0,0,2.61586178,0.0368,11.131,179.89178,0.715,,,,,0.97,,4.43,,,,,
5147,1,1,0,0,4.1877558,0.0515,12.78,378.2,1.06,0.0,,1230.0,,1.04,,4.35,,,,,
5148,1,1,0,0,3.7650007,0.0815,23.203,1398.452,0.62,0.0,,1577.0,F5,1.47,,4.04,,,,,
5149,1,1,0,0,2.8641424,0.04421,15.39,225.34147,0.34,0.038,1540.0,1743.0,G0 V,1.41,,4.25,,,,,
